NEP_Mutation	count
N59F-G62S-Q70K	2
M0V-F93A	1
E66V-Q70K	1
T32M-V82E	1
L57S-Q70K	1
G29L-H84L	1
I11R-M15W-Q70K	1
V5A-R65L	1
T97_-A101G	1
T4W-F93S	1
G45R-R65S-G69W	1
T4F-Q70K	1
V5R-R60G-Q70K	1
L12M	3
D42F-I96L	1
Q70K-E111N	1
D10T-L68R	1
N3R-S56H	1
M15T-R85K	1
R14M-K87E	1
K17R-W77S	2
W64K-Q70K	11
R14G-Q70K	2
V5A-F8S	1
P2C-V5A	1
E46V-K87R	1
M51L-E66G	1
P2S-L78N	1
N3Q-Q70K-F93T	1
S6A-L37Y-G52W	1
Y40V-Q70K	1
D42C-Q70K	3
E90V-E94K	1
S43G-R113G	1
M0V-F93_	2
D42K	53
D42H	15
D42I	22
D42N	18
D42L	79
D42M	36
D42C	43
D42A	109
D42F	150
D42G	123
F34R-H84K	1
D42E	21
L57A-Q70K	1
W64D-Q70K	1
D42Y	18
D42_	2
L37V-R65T	2
D42R	88
D42S	118
D42P	95
D42Q	15
E81S-R85F-I88M	1
D42W	12
D42T	176
R65G-Q70S	2
H84F	5
M99T	1
Q9L-E80V	1
R14F-E80G	1
L68S-L86I	1
E35M-E73N	1
Q70K-H84A	1
V48R-Q70K	1
S16P-G69V	1
D53S-Q70K	1
E25P-G29A	1
R85Y	3
G62F-I96V	1
A47I	1
R85_	3
T32F	1
R85Q	3
R85P	12
R85S	8
G62S-I88M	1
R85T	8
R85W	5
R85V	34
R85I	13
D10K-Q70K	1
R85K	5
R85M	7
R85L	21
R85N	3
Q19P-Q70K	1
R85C	7
R85E	6
R85D	12
R85G	24
R85F	15
A47R	25
A47S	10
A47P	9
A47Q	5
A47V	2
A47W	11
A47T	4
R76P-Q110R	1
A47Y	5
D26G-D42G	1
Q9S-R14G	1
I75_-E80V	1
A47C	5
Q70K-L105V-E111V	1
A47F	3
A47G	14
A47D	3
A47K	2
Q9S-R14S	1
G45R-Q70K	3
A47N	1
L78F	8
A47L	4
Q70K-L86T	1
M13W	6
M13V	7
P2V-E80D	5
M13T	9
M13S	5
M13R	34
M13Q	1
M13P	2
M13_	4
M13Y	5
M13G	8
R50L-S56V	1
M13E	1
M13D	2
M13C	4
M13A	2
K17P-S22A	1
T4P-E74M	1
V5_-Q70K	3
M13L	26
M13K	8
S23D-Q70K	1
M13I	11
M13H	1
G45Q-R83G	5
Q9L-S16T	1
L37R-Q70K-F98L	1
M51L-G52_	1
F34P-E80L	1
E25L-R76V	1
D1T-S7R-E80R	1
F34L-Y40P-Q58S	1
D26E-I30C	1
Q9S-G69S	1
V5F-Q70K	1
R14L-Q70K	3
S36R-D42A	5
S7R-I30L-D42W	1
Q58S-W77_	1
E74P	6
E74Q	7
E74R	32
E74S	25
E74T	12
E73D-F93T	1
E74V	11
E74W	8
S16W-Q70K	4
E74Y	2
G21D-R65Q	1
Q9L-Y40C	1
K17S-S22H	1
M18H-W64L-Q70K	1
E74A	21
W64F-Q70K	4
E74C	17
L54D-Q70K	1
E74F	4
E74G	15
E74H	5
E74I	12
I31W-R85G	2
E74K	9
E74L	32
E74M	7
E74N	3
D26G-I31Y	1
L37F-G69F	1
R50N	2
R50M	1
R50L	11
R50K	1
N3R-E66T-K71D	1
R50I	2
R50H	3
R50G	8
R50F	1
D10S-M13K-M51E	1
R50D	1
R50C	2
D10R-A101V	1
R50A	3
R50_	2
V5M-Q70K	3
Q9Y-R65L	1
R50Y	1
K17S-S24T	1
R50W	4
R50V	4
R50T	1
R50S	6
D10R-L68I-Q70K	1
R50Q	2
N3F-K87Q	1
G29Q-Q70K	1
Q9_	2
T4R-I96L	1
Q9Y	6
G62L-Q70K	9
Q9T	4
Q9W	7
Q9V	32
F8_	4
Q9S	11
Q9R	16
Q9M	16
Q9L	54
L78E	5
Q9I	9
Q9H	3
M18A-Q70K	3
Q9E	10
E80_	8
Q9G	3
K17E-N91K-E94H	1
Q9A	4
Q9C	2
G21I-Q70K	1
T4A-Q70K-L86V	1
S7_-Q70K	1
L37V-R83G	2
D1T-V5Q	1
D26A-G62R	1
E25L-T32R	1
L54G-Q70K	1
Q19C-K63N	1
K87E-E90N	1
M18S-Q70K-W77_	1
G45P-E66S	1
G45W-W64S	1
F8T	26
M99I-L102C	1
Q70K-L106A	1
M51D	8
E46G-G52L	1
R41V-V48L-E90R-F93V	1
E80P	6
K63M-Q70K	1
K63H-Q70K	1
F8L-R41G-W64M	1
E80W	32
M51F	3
R76S-M99S	1
D1G-Q70K-T89C	1
E80V	25
T4R-Q103R	1
V48L-R65S	1
T4D	2
G62V-Q70K	2
E80T	8
S7I-E46Y	2
E80K	3
K17M-G21P-E66Q	1
R50S-Q70K	1
L104H	2
L27M-K87_	1
Q70K-R85C	1
K17W-Q70K	2
R76W-L78A	1
F117W	3
L57P-Q70K	1
F117L	2
Q9L-R41S	1
N61_	1
F117C	2
F8G-W64R-E109G	1
F117G	1
D10_-R65C	1
N3R-V48Y	1
S16K-Q70K	1
F8K	1
I31C-Q70K	1
S6F-E73L	1
D10W-R65W	1
Q19R-K87V	1
N28P-Q70K	1
L20C-S43N-Q70K	2
F8E	5
S6K-S43P	1
I96_	3
R41S-V48F	2
L68S-Q100R	1
P2R-F72L	1
D42N-Q70K	3
F8G	18
K17S-E80W	1
S22L-W64R-Q70K	1
N59R-Q70K	3
N61P	1
T4_-T32Y-R83E	1
Q9V-Q70K	1
F8A	8
Q70K-L86R	2
R41W-R65L-Q70K	1
S36T-L44N	1
D1N-T4A-F8G	1
D1G-E111C	1
R65I-L86V	1
F34H-Q70K	1
Y40S-R41I	1
G21Q	2
M18R-G62A-Q70K	1
L78G	20
L54P	2
L54S	8
L78D	4
L78C	11
L54T	2
L78A	22
V5P-Q70K	4
L54Y	4
L78N	6
L78M	16
L37P-D42S	1
L78K	25
L44P-V48A-K63R	1
L78I	5
L78H	9
L78W	15
L78V	27
L54C	3
L78T	11
L78S	23
L78R	76
L78Q	5
L78P	17
L78_	3
L54H	3
L54K	7
G69_	1
L54M	3
L78Y	25
D1F-E25M	1
S16R-Q70K	1
D1Q-D26G-Q70K	1
Q70K-R83V	1
Q70K-R83T	1
D42V	86
F8V-D42T	1
R14M-G62S	1
P2A-Q19_-L37C-Q70K	1
L39F-M99N	1
V48Y-L68S	1
Q70K-R83G	2
Q70K-R83D	2
R14V-R65Q	1
R41A-K71E	1
F8V-D42F	1
Q70K-R83I	1
E46L-Q70K	6
S6V-E107K	1
I30V-I79G	1
Q70K-R83M	1
S22L-Q70K	4
F8Y-E80M	1
S56E-Q70K	1
T89V-S116P	2
D1T-S7R-D42A	1
G62I-Q70K	8
L104M	1
K17L-S24W-D42M	1
M18A-S56R	1
L20V-Q70K	1
D1W-I88R	1
E35M-E94R	1
F8N	2
Q70P	12
Q70R	20
Q70S	8
Q70T	8
Q70V	6
Q70W	4
D26Y-Q70K	2
Q70Y	1
A47V-E109_	1
N59_	2
L54R	4
Q70A	4
F117V	2
Q70C	3
Q70D	4
E25L-Q70K	13
Q70F	5
Q70G	4
Q70H	3
Q70I	4
K17F-W64_-L86S	1
Q70K	641
Q70L	25
D1I-D10G	1
Q70N	2
S6T-F72N	1
Q70K-T97P	1
Q70K-T97R	1
Q70K-T97V	3
Q70K-T97Y	1
L37S-G45R	1
S7C-F8W	1
I30S-Q103S	1
E74G-M99S	1
K17T-G69M	1
L12M-Q70K-V82K	1
Q19_-Q70K	2
D26K-I30C	2
D42T-N61P	1
S7G-E80Q	1
E46F-R76P	1
L68H	3
Q95P	2
Q70K-T97L	2
K17V-G62R	1
G21M-R65L	1
K71I	1
F8C-E25K-Q70K	1
T4Q-Q70K	1
D10G-R65L	2
K63G-Q70K	3
M13I-L44T	1
E66G-F98L	1
Q19K-E94V	1
S6P-G62R-Q70K	2
W77_-R83V	1
R76G-M99E	1
Q70K-V82L	9
Q70K-V82H	2
Q70K-V82K	5
R76K-L105V	1
Q70K-V82E	1
G45V-M51T	1
D53F-Q67L	1
G69E	2
S22F-D42G	3
G45A-Q70K	1
E81L-F93M	1
G45P-T89I	1
Q9R-D10T-D26H	1
Q33R-R76K	1
V5C-M49N	1
Q70K-V82S	3
Q70K-V82R	1
L12T-R14G	2
S24Y	8
Y40L-E74R	1
S24_	3
Q103P	1
V5L-M15C	1
S24R	12
S24Q	4
S24P	5
S24W	6
S24V	12
S24T	9
S24K	4
H55M-L78W	1
Q33I	3
S24H	3
L37P-L78A	1
S24N	1
S24M	1
S24L	20
S24C	1
K17S-Q70K	2
S24A	6
M49P-Q70K	2
S24F	24
M18C	7
S24D	3
Q70K-E90L	1
L105P-E109G	3
S7L-L39P	1
Q70K-E90G	1
R41S-Q70K-E73G	1
S43G-Q70K	4
E25R-Q70K	2
R41L-Q70K	3
Q70K-E90A	1
L37V-Q70K	6
K17G-R65A	1
V48P-Q70K	1
E25W-Q70K	2
V5E	4
G52V-I75V	1
Q70K-E90W	1
Q70K-E90V	1
P2G-N91P	1
Q19V	16
Q70K-E90S	2
Y40N-R85S	1
Q70K-E90P	1
Q103F	2
K17Y-Q70K	4
K17R-Q19H	1
L57C	2
Q103G	4
R65L-E73K	1
G62R-R65W	1
S16Q-Q70K	1
R76A-H84N	1
Q103D	3
S7V-W64_-Q70K	1
V5A-F8Y-Q70K	2
R65C-Q70K	1
D42R-L68V	1
R41E-E74N-L78W	1
M13E-Q70K	2
G21A-Q70K	5
Q19M	1
Q9M-S16F-L86G	1
Q103C	1
D26G-L68G	1
D42G-L57T	1
D26G-L68C	1
Q70K-H84Y	1
M0K-Q70K-H84C	1
T4N-Q70K	1
Q19Y-S23_	1
Q103A	2
T4R-M49D-G62A-Q70K	1
D26Q-I31T-R65A	1
S7C-Q70K	5
Q19A	6
K17V-Q70K	4
P2A-V82G	1
M13L-S16G	1
E25L-E81C	1
F8V-F93_	1
D42H-G69S	1
G52H-R65W	6
K17T-L78W	1
E25Y-L54P	1
V48Y-I96L	1
E35A-R65Q	1
P2T-E109_	1
G29C	5
G29D	1
G29E	5
G29F	6
N3T-I31R	1
G29I	3
G29K	2
E25P-L27I	1
E46V-Q70K	2
G29N	5
G29P	2
G29Q	4
G29R	14
G29S	11
G29T	4
Q19G	18
G29V	12
G29W	12
G29Y	3
V5R-L68E	1
T32V-Q70K-E73G	1
K17L-S24W	1
G29_	2
R65A-M99I	1
Q9N-A47Q	1
G62N-Q70K	12
L12C-R65T	1
Q70K-F93C	6
V5L-Q9M	3
L102S	2
L102V	6
V48N-Q70K	2
R14A-Q70K	1
S6R-D42G	1
L102M	5
E66K-E94V	1
L102A	1
L102C	1
L102F	5
L102G	3
K17N-S56K	1
Q19G-Q70K	4
F8V-E35G	1
N28R-Q70K-E94_	1
M18L-W64Q-Q70K	2
P2W-E66A	1
P2R-I96L	2
S22W-R65L	1
D10Y-Y40I	1
S23D-Q70K-L86V	1
G21I-E66K	1
G62R-N91S	1
Q19V-Q70K	5
Q70K-L78S-E81V	1
L54_	1
K17E-Q70K	2
I31C-E80S	1
E35N-E66A	1
D26I-K71T	1
P2S-L27E	1
D42N-R50K	1
D10C-Q70K	1
Q70K-R85K	2
R14L-V48Y-E66S	1
Q19R-R85I	4
S7N-Q103N	1
N59F-Q70K	1
L57C-G62C	4
V5W-Q70K	2
N91K	2
D42F-V48I	1
L54A-W64F	1
D1H-M13I	1
S43V-A47D	1
D42K-E46L	1
E25K-D42L	1
R50V-Q70K	1
D53Q	1
L68C-R76G	3
K17S-G45T	1
S22F-Q67P	1
Q70K-F93R	2
Q70K-L102W	1
G62A-Q70K-L78F	1
G21D-I31W-Q70K	1
S56G-Q70K	3
I11G-R14P	1
L54A	2
L27R-Q70K	6
M51P-H55R	1
V5L-E81P	1
L27F-Q70K	1
S22V-F93A	1
F8A-Q103T	1
Q95E	2
N3H	5
Q95G	6
Q95F	2
Q95A	3
S43_	4
W64D-I120T	1
L68D-V82M	1
G62R-Q70K-R85G	1
Q95L	2
Q95N	2
E46L-R65Q-V82G	1
Q95H	2
Q95K	2
E25H-R65W-Q70K	1
Q95T	3
Q95W	1
Q95V	5
L57I-W64L	1
L57S-W64K	2
Q95S	10
Q95R	18
K17L-D42A	1
N3_-D42R	1
Q95_	4
Q95Y	2
D42W-Q70K	1
L27R-L57P	1
S43L-W77L	1
S16G-L68D	1
M18V-Q70K	1
D42G-M51I-F93C	1
R41G-L86A	1
Q19_-L37C-Q70K	1
S36L-Q70K	8
L54W-Q70K	2
N3L-Q70K	2
N3A	10
D1R-K63Y-Q70K	1
P2R-L78W	1
D10R-F98V	1
E94L	7
S22I-V108T	1
M18C-R65L-Q70K	1
L57P-F93V	1
D42V-Q70K	22
E74C-F98S	1
L12R-I96L	1
V5R-I31V	1
R41K-V82E	1
R65W-R83Q	1
E109S	2
L57W-G62C-E90H	1
W64G-Q70K	4
A47H	6
S16L-Q58R-Q70K	1
K87P	1
K87Q	27
K87R	14
K87S	6
K87T	32
K87V	14
K17R-D53N	1
K87Y	9
P2L-Y40H-Q70K	3
L20_-Q70K	3
K87_	13
K87A	7
D26G-Y40H	2
K87C	8
K87D	2
K87E	1
K87F	24
K87G	15
K87I	21
M18W-L86C	1
T4W-Q70K-V108L	1
K87L	65
K87M	13
K87N	1
G21A-Q70K-T89V	1
D1M-G45E	1
L44I	5
L44K	10
N59L-W64_	3
A47V-L78Q	1
L44N	2
N59L-W64S	1
L44A	10
L44C	11
R14A-S16L	1
L44E	1
L44F	12
L44G	11
L20S-Q70K	1
L44Y	11
D1P-E66D	1
T4V-G29D-Q70K	1
S22V-Q70K	5
E94_	3
L44P	10
L44Q	2
R65T-E74K	1
L44S	30
L44T	6
D42E-E46R-Q70K	1
L44V	10
L44W	10
P2A-E35S	1
M49_	2
Q110K	1
S24I-Q70K	1
R41L-Q70K-E109V	1
D26A-G69C-Q70K	1
G29T-E73T	1
R65G-L68I	2
D10W-S16A-Q70K	1
I31G-Q70K	3
R76S-I79S	1
Q70K-F117Y	1
E35M-E66S	1
T4G-Q70K-E81K	1
Q19P-S23R	1
Q9L-S36M	1
Q70K-I112A	1
K17L-L57F	1
F8D-S36I	1
K17A-Q70K-E94L	1
Q9R-K17Q	1
D42H-A47H-Q70K	1
L54F	2
R41T-G45S-Q70K	1
M0T-S6K	1
Q70E	1
T4K-K38R-Q70M	1
K17N-R65Y	1
N3M-D42P	1
R65G-I88W	1
D42C-A101P	1
D1W-G45L	1
Q19S-Q70K	3
I31C-Q70K-E109K	1
I31W-G62R-Q70K	1
M13F	9
E109L	1
D26E-K63G	1
D42L-L68C	1
G69E-E107K	1
L54D	1
Q19Y-D53M	1
S6G-R65W	2
D42R-E46_	1
S7I-M51E	1
F8M-D42E	1
E35_-Y40L-Q70K	2
L37C-W64S	1
E35L-D42M-Q70K	1
G62_-Q70K	1
S7F-Q70K	1
S36A-Q70T	1
G29H-E94V	1
Q70K-T89A	1
Q70K-T89L	3
Q70K-T89K	1
Q70K-T89V	1
Q70K-T89W	1
L37G-W77H	1
L37R-Q70K-M99G	1
Q70K-T89R	1
L44R-R85A	1
Q70K-T89P	1
S7M-T89C	2
Q70K-T89_	1
S36A-Q70K	2
L27E-I75D	1
Q70K-T89Y	3
R41A-Q70K	9
G69S-Q70R	2
L37_-Q70K	1
G52V-Q70K	2
S92Q	3
R14A	3
D1T-S7R-Q70K	4
H84L-L86P	2
I88M	9
V48Y-G62K	1
P2W-S6P-R41E-V108E	1
D42F-G62R	1
D10F-S23V	1
E46T-I75S	1
M18L-Q70K	3
N3S-G62R	1
D26G-K87F	1
G21M-N91V	1
P2R-Q67D	1
S6Y-E73V	1
M51L-E66K-Q70K	1
S16R-E74L	1
G21R-I79H	1
Y40F-D53K-Q70K	1
V5E-L44F-W77R	1
S7V-V82P	1
S36W-Q58F	1
L12G-G69R	1
E35S-G62E	1
Q9W-Q70K	6
R41V-M99R	1
G21D-N91L	1
S7R-I112T	1
T4R-Q70K	3
D10S-D26K	1
D1G-R41V	1
R14S-Q70K	1
I11V-S16F	1
D26E-L105S	1
S43L-T89R	1
D42Q-Q70K	3
T4R-E81V	1
M15T-N61Y	1
L12R-V82L	1
L20P	4
P2T-Q103H	1
K17G-I79T	1
P2R-D42V	1
S6R-D53S	1
K17G-I79S	1
D1Q-Q70K	2
M13R-Q70K	3
S36V-E81N	1
D26N-G45I	1
M51E-Q70K	1
S6N-D42C-Q70K	1
E46W	7
N59G-W64C-Q70K	1
R60S-W64G	2
K17R-Q70K	2
L57F-Q58D	1
N3P-W64A	1
W64Y-R83S	2
S22I-E73A	1
P2A-D42T	1
D1K-R85S	1
Q19K-T32N	1
F34W-Q70K	7
N59Y-Q70K	3
R41S-K63T	1
W77F	6
I88H	3
L20_	8
M49Y	2
M13V-S56L-E80L	1
W77D	1
P2E-M13I	1
Q19P-D42A	1
S23M-I75R	1
E25M-Q70K	1
D1M-L20R	1
G29P-R65W	1
E46K-G69L	1
D42V-G52R-Q70K	1
M15C-L57F	1
Q70K-F93N	1
Q70K-F93M	2
Q70K-F93L	1
S56A-E66R	1
Q70K-F93I	2
D42V-N59S	1
Q70K-F93G	4
I30W-E35D-Q70K	1
Q70K-F93E	1
E35A-F72Y	1
Q70K-F93A	10
T4N-E111T	1
L78W-M99I	1
L27C-Q70K	5
S43A-W64L	1
Q70K-F93W	3
Q70K-F93V	2
M99I-Q103D	1
Q70K-F93T	2
Q70K-F93S	4
N28V-G45R	1
T97H	1
L20G	1
E94F	4
E94G	8
E94D	6
S23Y	5
E94C	5
E46S-M99I	1
E94A	3
E94N	4
T4L-Q70K	2
E94M	4
E94K	2
E94H	1
E94I	4
E94V	37
E94W	7
E94T	13
G45E	2
E94R	14
E94S	10
E94P	5
S43T-Q70K	1
V5L-F93T	1
N3Q-Q70K	3
M15T-L20W	1
A47V-Q70K	1
S22P-Q70K-S92R	1
F93N-I96R	2
E94Y	2
L12G-Q70K	11
E66D-L86R	1
D42V-E80D	1
I112W	2
K71F-R85K	1
D1T	8
K63S-Q70K-E81R	1
G62R-E81R	1
P2R-G69D	1
L78R-L105V	1
G21V-E74G	1
I75T-L86Q	1
E25S-D42L	1
M13C-Q70K	1
L20E-K87T	1
M49V-W64R-Q70K	1
S22W-R41P	1
L20R	10
L20S	7
M18P-E80C	1
L20Q	3
L20V	8
L20T	8
R14F	7
S36L-F93K	1
L20Y	2
D26Y-I31L	8
R41C	11
M15V-G62R	1
R41A-V48M	1
G45I	12
L20C	3
L12T-W64H	1
L20A	2
L20F	3
M18P-E80T	2
S23Y-Q70K	1
L20E	2
S7L-K63N	1
R41E	4
L20H	2
L20I	12
L20N	2
P2M-I30R-Q70K	1
R41D	2
T97L	12
S36Y-G69V	1
R14E	4
D10N-S56P	1
R14C	11
T97I	1
R41G	21
T97K	7
M18S-Q70K	4
R41H	2
R41K	16
R14L	36
R41M	2
R41L	31
R14I	5
R14H	5
R14W	6
R14V	8
L12I-E94V	1
R14T	9
R14S	21
S23L	26
R41W	12
R41V	34
R14_	2
E74D	4
T97V	2
Q70K-Q95G	3
T97P	5
T97F	1
R14Y	7
T97S	9
D10Q	6
D10P	4
D10S	25
D10R	42
D10T	47
D10W	13
D10V	23
D10Y	5
R14K	3
D10A-Q70K	5
T32R-K71R	1
D10_	5
T97A	2
D10A	22
L57D-E66K	1
D10C	16
M51L-S56F	1
D10E	3
D10G	31
D10F	6
D10I	3
D10H	2
D10K	11
R41N	3
D10M	11
D10L	25
M15I-G29V	1
D10N	2
S36L-Y40C	2
R41Q	9
Q58Y	7
S16C-R83L	1
Q58_	2
R41P	9
Q58R	5
Q58S	3
Q58P	1
D1G-E25D	1
Q58V	2
R41S	38
Q58T	1
Q9L-M13T	1
Q58H	2
T97_	9
N91D	5
Q58L	4
Q58M	3
Q19_-E66Y	1
Q58C	6
Q58A	2
Q58F	1
K71W	5
Q58D	4
Q58E	1
F8L-D42P	1
N3I-E94V	1
K71V	1
F34_	4
E94T-M99I	1
N91P	2
S7V-S24L	1
R14P	2
N91Q	2
R41Y	1
F8L-D42E	1
N91R	5
F8S-Q70K	1
R85A	6
K71R	7
P2A-G21V	1
Q70K-N91A	1
K71M	6
S23R-Q70K-E94V	1
D1V-Q70K	8
Q70K-N91G	1
N91M	4
Q70K-N91I	2
R14V-V48Y	1
S7R-D42P-E81S	1
G69L-E80K	1
Q70K-N91L	4
T97Q	2
Q9M-M13G	3
Q70K-N91P	6
Q70K-N91S	3
Q70K-N91R	2
D10W-S22G	1
R41_	1
L57C-Q70K	1
Q70K-N91V	3
N91H	2
G69V-I75N	1
Y40K-R85A	1
R50E	1
D53_-Q70K	3
K71H	3
R41Y-G45F	2
Q9H-E35T	1
D1V-R83G	1
L27G-Q70K	3
D42T-L68G	1
S7D	2
D1P-Q70K	3
S16F-W64_	1
R65G-F72S	1
S36D-Q70K	1
S23V-L78Q	1
D26L-Q70K	7
D1E-Q70K	1
K71G	3
D26S-Q70K	4
Q70K-E74M	1
N59T-I75Q	1
F8C-D26E	1
D42I-F93S	1
W64V-F93S	1
W64L-F93C	1
S23P-Q70K-T89Y	1
G62V-K63G	1
D53L-Q70K	4
L54F-K71S	1
F8G-Q70K	1
S92F	1
D53H-E74M	1
D42R-Q70K	4
K71P-H84N	1
R60W-W64P	11
N3M-Q70K	2
R60L-W64Q-R76C	1
T4_-F8N	1
Q58A-K63G	1
D42F-E66Y	1
E25G-I79A	2
S43P-Q70K	1
E46Q-R50K	1
D42A-L54P	1
N28D-Q70K	1
S7L-D26S	1
K17M-E74K	1
T4K-Q70K	9
S36M-E81F	1
R41M-Q70K	6
R14M-Q70S	1
L44Y-Q70K	1
F34Q	1
I11L-L54I	3
Q70K-K87I	1
M15_-Q70K	1
P2A-V48Y	1
R41Q-K87T	1
L20M-S24V	1
D10T-Q70K	2
T4K-L27P	1
L78D-H84Q	1
P2A-V48P	1
S7N-I75Y-E80G	1
F8L-W64R	1
G45V-E46F	2
D26I-G62R	1
V5A-Q70K	2
R41M-V48A	2
P2A-K87P	1
M13N	2
Q9L-E74K	1
W64L-R85F	1
D42A-L54I	2
G21H	11
R41I-Q70K	1
Q70K-L106G	2
G21I	9
D42I-L86I	1
L12G-E80C	1
D1F-E74T	1
R14M	30
M15G-R65A-Q70L	1
G29F-Q70K	1
Y40L-T97C	1
L57Q-W64S-Q70K	1
R41G-Q70K	2
L68N-Q95_	1
D26I-G45R-Q70K	1
K17T-E111C	1
R65Q-R76V	1
Q19W-Q70K	2
F8L-Q70K	8
A47V-L57K-Q70K	1
S6V-F72C	1
S7L-K63S	1
M18V-Q70K-E81L	1
G21N	3
M13V-M15R-L27V	1
P2Q-S22L-G29R	1
E25C-R76G	1
E46I-T89Y	1
Q19_-G52S	1
D42I-E46G-Q70K	2
P2A-R65L	1
I31M-L37I	1
D53G-Q70K	1
G21A	9
M13V-E35G-K87A	1
K17G-K87L	1
I11R-R76L	1
H55A-Q70K	1
R14G-Y40Q	1
T32R	6
T32_	1
D10M-F34K	1
R41S-A47R	1
S24A-E80L	1
K17R-S24F-G62V-Q70K	1
M13V-Q70K-Q110P	1
Q9P	24
P2A-L12G-R65G	1
F8A-Q67C	1
G21F	10
E46K-E74L	1
G52P-Q70K	2
E25T-T32F	3
L57N-W64T	2
Q70K-T114L	2
L37S-Q70K	5
I11K	11
R14N-Q58K-R65K-I75V	1
I11M	3
I11L	6
I11M-K17W	1
T32H	3
I11A	6
N3S-F8L-V48Y	1
T4L-G45E	1
M49K-D53F	1
I11E	5
I11D	2
I11G	6
I11F	13
I11Y	4
M99E	18
T4G-R85V	1
I11_	6
D10H-E66G	1
S23P-K71A	1
Y40L-N61F	1
I11S	8
I11R	11
G62C-Q70K	13
I11W	3
Q70K-I88_	1
S23C-Q70K	4
S36H-L44S	1
R65L-G69A-K87T	1
E35L-R65S	1
S36W-G52V	1
S6V-Q70K	5
E66K-E74M	2
G69S-I88Y	1
Q58W	8
Q70K-I88R	4
I75Y-E80G	7
R41G-V48F	1
E25L-R76L	1
R14A-I112V	1
T32C	3
Q9H-E73R	1
I31H-Q70K	1
W64L-L78R	1
S22R-R65L	1
P2R-Q70K-W77R	1
Q70K-I88V	1
S7G-I31V	2
S22W-R85S	1
S6K-E109_	1
T32D	8
I75R-R85V	1
N3S-D42G	1
Q58I	2
G21V	13
R113Q	1
Q58N	1
D53N-E81T	1
L54S-E109V	1
R60P-W64G	2
R60P-W64F	1
I31L-Q70K	5
F93R	10
F93S	32
F93P	19
F93Q	14
F93V	24
F93W	15
F93T	38
F93Y	6
D1R-S6P	1
F93_	9
S7L-K17N-F72L	1
F93C	28
I31L-V48Y	1
F93A	33
F93G	43
F93D	2
F93E	8
E66Y-R85G	1
I11M-L68G	1
F93H	1
F93I	5
F93N	2
M99W	1
F93L	15
F93M	9
G62K-E66K	1
L12S-R65L	1
S22R-K63N	1
M99Q	2
E46N-I79N	1
R65P-Q70S	3
M99P	2
K17_-L68P	1
S36V-L54P	1
E25I-H84K	1
G62E-K63I-Q70K	1
F8C-F34W-M49G	1
E35S-D42N	1
D1I-E73G	1
D1V-F8I	1
M99R	17
N3R-Q70K	3
P2Q-Q70K	1
R60T	3
Q70K-V108P	1
R60V	7
L39P-G45V-Q70K	1
R60P	5
R60Q	1
G21S-Q70K	5
P2N-F8Y	2
R41L-K63R	1
N28F-Q70K	3
E46G-Q70K-I112T	1
R60_	1
N61F-Q70K	1
R60Y	1
K17V-R76V	1
G69Y	2
R60D	1
S23K	1
T4R-S6P-Q70K	1
R60G	3
L37G-Q70K	5
R60A	5
F34R-L68M	1
R60C	3
R60L	5
R60M	2
L12H	2
A47R-Q70K	4
R60H	1
R60I	3
R60K	4
L68N	8
D26A	20
M18L-E35S	1
D26C	11
Q70K-I112C	2
D26E	19
D26F	23
D26G	34
D26H	9
D26I	35
L68D	25
D26K	22
D26L	43
D26M	44
D26N	6
L68A	89
D26P	28
L68_	13
D26R	57
D26S	10
D26T	3
Y40P-Q70K	1
D26V	27
L68Y	10
L68V	38
D26Y	10
L68T	28
N59V-V82A	1
L68R	45
L68S	50
L68P	20
L68Q	6
N28T	6
F34K-Q70K	1
T89Y	5
N28W	2
T89_	15
N28Q	1
N28R	14
N28S	12
T89S	1
T89R	17
T89Q	4
T89P	6
T89W	4
T89V	32
T89K	4
N28E	1
N28F	5
N28G	5
T89N	6
T89M	7
N28C	9
N28L	12
N28M	9
T89A	7
P2A-G52I	1
T89G	10
T89F	6
T89E	4
T89D	3
F117Q	1
L44C-I96T	1
S43C-Q70K	1
E94Q	4
Q9L-R76K	1
D1W-Q70K	1
G69I	8
M0I-E35R	1
L57G-W64S	1
Q9V-Q70K-E111G	1
L57G-W64Q	2
G21V-S36C	1
S36M-Q70K	3
T4Y	5
N28F-R65V	2
T4_	13
D42Q-E66K	1
P2A-S7R	1
T4S	9
T4R	24
Q9P-S16W-R65W	1
T4P	6
T4W	2
T4V	10
L27F-L39V-R65Y	1
T4K	27
Q70L-W77F	1
T4I	7
T4H	6
V48_-Q70K	1
T4N	16
T4M	4
T4L	7
Y40R-E80I	1
T4A	3
E25R-I31T	4
T4G	14
T4F	7
T4E	4
D1M	10
Q19T-S24L	1
D26L-Q33_-R83L	1
M15C-R65G	2
D42C-R76G	1
L20D-G29V	1
L37P-N91_	1
L27I-N61K	1
R65W-E81A	1
G45Q-R83G-F98L	1
G69S-N91F	1
S36R-L39R	1
Q70K-V108A	1
F8V-H84N	1
S16V-Q70K	2
D26H-G62R	4
S36L-L86A-E109V	1
D1G-L37R	1
W64G-L106P	1
M0I-S22C-Q70K	1
S43L-Q70K	1
S36P-Q70K	1
Q9H-M18H	4
S23M	1
G69R-F72R	1
S22I-Q70K-N91E	1
K38R-D42C	1
R14M-K63G	1
W64_-V82I-K87S	1
S43K-R65L	1
G52Q-Q70K	1
R76L-E80_	1
E25S-G29W	1
F8Q-M99R	1
S92L	2
T32M-I96T	1
G52D-Q70K	2
G29S-Q70K	2
K63F	16
K63G	17
L20H-R76P	1
K63C	15
K63A	12
K63N	22
K63L	7
N59T-Q70K	2
E81P-L86G	1
K63H	1
K63I	12
K63V	18
K63W	7
K63T	12
S36P-G69S	1
K63R	36
K63S	12
H55Y-Q70K	2
N59R-G69C	4
R14G	10
T4R-F8S	1
Q19M-S23L	1
P2K-Q33L	1
N3S-F93V	2
M15W-L57A-W64D	1
P2G-Q70K	6
A47S-V48S	1
Q9G-E94D	1
Q19_-F93G	1
D42K-W64H	5
E35G-E81V	1
Q70K-R83Y	1
T97M	1
K63D-Q70K	1
G45H-R113I	1
S23R-Q70K	2
K17D-S22N	2
D10V-N59T	1
A47S-V48K	1
L20F-D42T-Q70K	1
D1Y-Q70K	3
D1C-R76W	1
S6R-S43A	1
S24K-Q70K	1
I30F-Q70K	1
P2E-S6L	3
Q70K-E94H	1
Q58_-I88F	1
R14F-Q70K	1
M18P-Q70K	2
N3Q	2
M49S-R85S	1
T97N	3
D42F-F93P	1
R41E-A47Q	1
M15_-K71Q	1
T32D-R60D-Q70K	1
D26L-Q33_-G62L	1
L54F-E111S	1
N3E-E46K	1
G21L-K63F	1
S23L-L78Y	1
S36V-E111F	1
K17T-W64G	1
R41T-R83_	1
M18C-Q70K-E81R	1
Q70K-E81D-L86V	1
Q58K-R65K-I75V	2
R65_-Q70H	1
K17W-R76V	1
D1F-T4_	1
F8S-M18G	1
D53M-Q70K	1
S16T-Q70K	2
I31D-Q70K	1
D26Y-I96L	1
L68S-I75M	1
K17W-R76E	1
Q58A-W64V	2
E25S-Q70K	1
N28M-Q70K	2
M15D-Q70K	1
V48N-L78A	1
S7V-E74F	1
I120S	1
G52V-Q70K-M99D	1
Q103S-I120N	1
D42Q-G62N-Q70K	1
D1V-G62A-Q70K	1
L57C-W64V-Q70K	1
E35W-G45W	1
S22Y-T32R	1
K17L-Q70K	6
L119V	1
R41L-W64R-Q70K	2
D1T-S7R-I75M	1
I30_	3
I30Y	8
E25M-K71R	1
W64_-Q70K	8
Q9H-Q70K	1
D26G-Q70K	1
I30V	14
I30W	6
E35P-Q70K	2
I30R	18
I30S	10
I30L	10
Q9H-Q70R	1
I30N	4
S16P-D42A	1
I30H	1
A47R-E66R	2
E25V-E111K	1
G52_-L78S	1
E25L-G29R	4
I30E	2
I30F	5
I30G	15
I30A	11
M18V-L78Q	1
I30C	15
E25H-S36V	1
L86C	11
L86A	12
L86F	3
L86G	4
L86D	7
L86E	15
L86K	5
L86H	5
L86I	17
L86N	4
G21R-D42A	1
E25A-Q70K	2
L86M	5
L86R	19
L86S	11
L86P	9
G21P-Q70K	1
L86V	51
L86W	1
L86T	7
E35I-A47V-G62R-Q70K	1
M15L-E81R	1
L86_	8
Q19E-D42P	1
D26T-Q70K	1
S92R	6
G62T	6
G62W	9
G62V	11
G62Q	7
G62P	4
G62S	21
G62R	161
K63S-K71R	1
G62_	3
S92Y	1
G62Y	16
S23T-Q70K	2
L68A-R76G	1
G62E	5
G62D	8
V48T-F93V	1
G62F	38
G62A	66
S92G	1
G62C	32
S92E	2
G62M	4
G62L	67
G62N	19
G62I	7
G62H	9
G62K	3
I30M-Q70K	1
S23L-L37P	1
D10V-E81I	1
T97D	2
R85C-L106P	1
K17Y-R65W-E80R	1
V48L-F93T	1
D26R-I75V	1
G45P-E111R	1
F34A-Q70K	3
D42T-E46G	8
D42M-Q70K-V82K	1
D1W-D42R-D53N	1
P2D	1
P2G	11
P2F	4
P2A	134
S43V-Q70K-E94L	6
P2C	6
T97E	1
R76S	26
P2L	5
R76Q	8
R76P	8
R76W	4
R76V	22
P2K	16
R76T	10
R76K	5
P2T	18
R76I	4
P2V	5
P2Q	9
K17G-S22V	3
P2S	20
R76L	35
R76C	7
R76A	7
R76G	23
R76F	7
R76E	4
L37F-Q70K	13
L12C	29
L12A	14
Q70K-K87V	1
L12G	18
L12F	4
L12E	5
L12D	1
L12K	5
L78M-E80V	1
L12I	13
T4G-Q70K	2
L12N	9
D42F-Q70K-I120T	1
L12S	26
L12R	26
L12Q	4
L12P	3
L12W	15
L12V	14
L12T	20
K17F-E25_-Q70H	1
P2G-R76S	1
L12_	6
D42Y-Q70K	2
R65G-Q110E	2
S6R-I31C	1
Q103Y-L106P	1
T97G	7
G62P-Q70K	1
S36V-L39R	1
M18C-S23I-V48S	1
D1R-S92_	1
S22I-K63P	1
V5W-D42M-Q70K	1
M15S-F93I	1
E90S-F93S	1
D42C-I88G	1
G52_	3
E81G-K87V	9
S16T-T32A-Q70K	2
L54S-W77V	1
L44_	1
N61K	5
N61I	4
N61H	3
K63C-Q70K	1
N61M	9
N61L	2
N61C	3
S43Y	7
N61A	8
N3V-Q70K-R76G	1
N61G	5
N61F	5
N61E	7
N61D	4
N61Y	9
D42M-L86I	1
D10V-K87M	1
L12K-E73K	1
R41S-Q70K	10
N61S	8
N61R	11
N61Q	4
K38Q	1
Q110R	4
N61V	5
N61T	10
E25G-I31T	1
E46P-R65L-G69E	1
R14_-R65K	1
D26E-D42T	1
D10G-R65W	1
D1R-S56_-Q70K	1
S22P-Q70K	3
M49F	3
D1R-L68G	1
K63L-G69R	1
D53V-Q70K	1
M49G	3
T4A-F93H	1
Q9W-L12W	1
E25G-I31C	1
Q58S-Q70K	1
D1L-G69V-R83I	1
D10Y-S16A	1
K63P-Q70K	2
M18Y-Q70K	1
M49A	6
D10Y-Q70K	1
E66S-H84R	1
D42T-V48G	1
D1K-M13I-Q70K	2
L78T-F93L	1
S7L-L37C	1
M13V-M15R	1
E35I-G52L	1
G29_-N59R-G69C	1
T97C	2
L12Y-E73A	1
G21F-Q70K	1
D10L-V48Y	1
I30V-Q70K	6
R60D-Q70K	1
S6F-D42F	1
T4_-K71L	1
V5A-K17R	2
I75Y-I79H	1
M49I	5
D42R-R83G	1
P2C-Q70K	2
D10V-Q70K	1
R14L-M15I	1
S43_-R76L	1
E35S-V82W	1
M49K-Q70K	1
I31L-Q95K	1
G69S-F93G	1
N3W-V48F	1
D53E-L68A	1
L12C-D26P	1
F34S-L39V	2
L37C	26
E66T-K71D	6
G62R-Q70K	109
D26L-E109_	1
R60S	5
I31V-G69R	1
D26S-G29V-Q70K	1
M49W	1
N3T	5
L12C-K63W	1
Y40Q-Q70K	1
M49P	3
D26I-D42A	1
M49Q	1
L37D	7
N3S-Q70K	1
R65W-E74S	2
M15Q	2
S16W-M99E	1
T4N-E81R	1
F8K-I79L	1
D26R-I30M	2
M13R-E109F	1
S24K-R85S	1
S23E-D42L	4
L27A-Q70K	7
L44V-E80Y	1
Q9P-R83I	1
S16K	2
W77G	4
D1K-S7W-E81R	1
W77E	3
M18R-V82W	1
W77C	5
E73S-L105V-E111V	1
W77A	5
W77N	3
W77M	12
W77L	9
M0T-S56R	1
W77H	12
W77V	6
D42S-N61F	1
W77T	4
W77S	7
W77R	5
W77P	8
W77_	3
K63I-Q70K	3
L27D	6
D53G-G69D	1
W77Y	14
N28V-Q70K	4
V5F	5
K71_	1
N91_	3
K71Y	1
N91Y	1
V5G	7
N91T	5
K71T	1
N91V	2
N91W	3
K71Q	2
K71P	6
K71S	8
N91S	8
N91L	7
K71L	10
K71N	4
F8Y-R14G	1
N91I	4
E66G-E94T	1
S16_-L68N	1
K71E	12
N91E	9
V48E-Q70K	1
N91G	9
K71A	2
N91A	7
K71C	1
N91C	6
I30F-A47T	1
L37S-R50I	1
L68V-G69A	1
K63Q	1
V5A	12
E25Q-I30V	1
Q9M-N91L	1
Q110_	1
K17I-Q70K	8
L37P-D53G	1
Q58P-W64P-Q70K	1
F8V-S43V	1
E73Q	2
E46G-Q70K	3
S6L-G45L	9
E35G-L39S-Q70K	1
Q70K-E94_	2
S7L-I112_	1
D53M	4
D42S-Q70K	16
Q70K-E94R	4
L12G-G62R	1
Q70K-E94W	1
Q70K-E94V	6
Q70K-E94T	1
M13V-Q70K	1
WT	5296
I88Y	1
Q70K-E94L	1
Q70K-E94C	1
K17Q-S23V	1
M15E-R65L	1
T4K-M49I-Q70K	1
S16T	8
Q70K-E94D	2
A47V-Q58E	1
N61K-R65L	2
S22F-Q70K	6
I88F	8
D1A-Q70K	1
Q9N	1
D10V-E80N	1
V5T	5
G62V-R65Q	1
L27A-Q70K-E80R	1
M15F-Q70K	1
Q70K-V108F	1
L27R-W64_-Q70K	1
D53E	5
N3W-N59T	1
D1F-L12R	4
Q19_-E73N	1
S6A-Q70K	16
Q19_-L37C	1
P2A-Y40C	1
V5P	7
L44S-Q70K	2
R41Q-S43L	2
V5Q	3
P2M-E74F	1
S16G-D42P	1
D42V-H55D	1
N28A-Q70K	1
R14D-Q70K	1
I88N	2
R76K-E109_	1
E35L-V82G	1
E35R-E74K	1
R60_-W64S	1
V5A-L57P	1
D1S-R65G	2
K38L	1
R41S-V48H	5
G29W-R65L	1
L27V-R65W-Q70K	1
K38E	1
E35F-Q70K	3
L44H-E81V	1
G29Q-R65L	1
K38A	1
D42Q-M49I	1
M18T	7
D42A-Q70K	6
L44Q-L54G	1
L54E	2
E73G-I112Q	1
K38R	2
F34R-Q70K	1
D53Y	8
E90T-I96V	1
N3L-S7T	3
L27Y	10
L27_	1
L54G	5
D42S-G69R	1
L27S	14
L27R	27
L27Q	5
L27P	19
L27W	30
L27V	10
R65L-K71R	1
L27T	7
L27K	18
L54I	3
L27I	6
L27H	6
L27N	5
L27M	10
L27C	10
L27A	11
R65L-K71G	1
L27G	25
L27F	9
L27E	4
T32G-Q70K	2
I88W	11
I88V	3
V5D	3
I88T	3
I88S	17
I88R	20
I88Q	7
S6A-F8M	3
I88_	18
I11F-L86W	1
V5L	42
V5M	2
V5K	7
V5H	4
V5I	7
I88G	9
V5W	4
I88E	5
V5R	21
V5S	9
I88A	13
M15E-R65T	1
V5_	5
S7L-E80R	1
I88L	18
I88K	1
V5Y	5
S43L-A47V	1
I11V-L12C	1
M49P-I88W	1
I31Y	4
D42S-G45F	2
I31W	18
I31V	9
I31T	19
I31S	12
I31R	29
I31Q	2
I31P	5
G29V-L86G	1
I31N	3
I31M	5
I31L	22
I31K	2
P2V-R83L	1
Q19R-Q70K	1
I31H	12
I31G	21
I31F	29
I31D	5
I31C	67
I31A	12
N61T-Q103R	1
N59H	4
N59I	5
E25L-L37R	1
N59K	9
N59L	11
S56L-Q70K	2
R41V-Q70K	6
N59A	8
L27D-Q70K	4
N59C	6
N59D	1
Q19R-E35G	2
N59F	12
N59G	7
D1Y-V48I-E66S	1
L12R-M15G	1
G52_-E74L	1
I31A-Q70K	1
E25N-Q70K	1
N59P	2
E46D-Q70K	1
N59R	7
N59S	6
N59T	6
T97R	1
N59V	10
N59W	3
M18R-S24G	1
R76V-T114L	1
S16G-W77S	1
V48T-Q70K	3
D26E-E74A	1
K17M-Q70K	1
S7L-M51I-G52_	1
V82P	3
S23M-Q70K	3
D10R-Q70K-R85G	1
N61D-W64L	1
L57I-Q70K	1
N59A-Q70K	3
Q9R-R14E	1
S22I-S56L-Q118P	1
I30M-E35F	1
S7L-T32V	1
W64F-Q100R	1
Q118K	1
M18L-K63R	1
E66_-E80C	1
Y40C-G69Q	1
L12P-Q70K	1
S7L-E111D	1
Q58P-E66R	1
S36K-Q110R	1
S16G-V48Y	1
L27W-I79_	1
E111Q-S116L	1
I11S-Q58G	1
N59Q-Q70K	2
N59Y-W64T	2
D26V-L68R	1
T4_-Q70K	2
I11R-L68A	1
T32F-Q70K	1
W64P-Q70H	1
G45P-Q70K	1
E109Q	1
R41V-W77T	1
E35R-Y40_	1
T4M-Q70K	1
S36V-E66L	1
R41S-I75R	1
V5G-Q70K	1
A101Y	1
H55V-Q70K	1
Q33H-S36P	1
M49C-Q70K	2
I31C-E111F	1
K63S-E111K	1
S43Q-Q70K	1
L37T-D42L-Q70K	1
F8Y-Q70K	3
N59M	5
R50K-E94S	1
Q9R-Q70K	4
F93S-T114A	1
S116L	1
S43F-R85K	1
Q70K-R83N	1
S7I-S36P	1
G21W-E109V	1
S6P-E74W	1
D53T-Q70K	2
Q58L-Q70K-E111G	1
Q70K-R83L	2
D26K-I75M	1
Y40L-Q70K	8
S7L-E111K	1
S7L-S24V	1
M15A-E111_	1
S22I-Q70K	5
Q19A-Q70K-T89Y	1
N59Y-W64D	1
D26M-V48A-Q70K	1
S7E-Q70K	1
F8Q-R14G	1
N59E	7
I31R-F93L	1
L12K-E109G	1
T97S-L102M	1
G45K-Q70K	2
M15I-L68P	1
L37E	2
I79S	10
I79R	3
I79Q	3
I79P	10
I79W	14
I79V	12
N59Y	6
S43P	22
S43Q	6
S43R	30
Y40S-E111V	1
I79_	15
S43V	31
S43W	9
S43H	17
S43I	18
I79A	15
S43K	51
S43L	75
I79F	8
S43N	4
I79D	7
I79K	1
S43A	22
S43C	18
S43D	4
S43E	9
I79M	9
S43G	30
E35I-E73G	1
W64I-Q70K	1
R41G-A47F	1
Q70K-E109L	1
Y40H-E80R	1
Q70K-E109G	3
S43K-H84G	1
Q70K-E109D	4
M13I-R14Y	1
H55E-Q70K	1
Q70K-E109A	1
R41Q-G45C	1
R41G-W64M	10
L12R-L57I	1
T114D	1
Q19_-E25R	1
Q70K-E109V	3
N61R-W64_	1
S7L-G45E	1
I75K-K87R	1
E35W-G45_-Q70K	1
S22R-K63Y-Q70K	1
F34V-Q70K	3
S6R-Q70K	1
M13F-Q58N	1
Q9P-G69R	1
V48Y-N59S	1
D1G-K63Y-Q70K	1
E66V-F98S	1
S22G-Q70K	2
E25T-D42N	1
Q9V-W77Q	1
S16F-Y40K	1
V48Y-N59G	1
V82H-I88S	1
D10G-L78C	1
S6K-G69C	1
D42S-G69D-Q70K	1
I120W	1
S36C-Q70K	2
R41G-L68C	1
D10N-Q70K	1
E35F-D42L-A47P	1
I11F-L78C	1
L20C-S43N-W77M	1
S7L-Q70K	7
D1G-R85A	1
K17R-E90L	1
E25Q-R83S	1
R14M-S16W	1
A47V-S56I-Q70K	1
T4R-Q67V	1
F34L-L86C	1
I75V-L78K	1
D42P-E81R	1
N3R-W64G	1
S7G-R65V	2
L27H-E66K	1
E81M-I88A	1
W64R-Q70K	44
K17R-G69S	1
L12K-Q70K	6
E25C-Q70K	1
F98Y	1
S24L-D42F	1
L12V-R76_	1
M18G-S23P	1
N59V-I96T	1
G62Q-Q70K	1
R14P-G62L	1
A47L-R76L	1
G29L-Q70K	7
K17Y-L20K	1
M15A	9
M15C	4
K63G-E80C	1
M15E	3
M15D	6
M15G	22
M15F	2
M15I	6
D1Q-L102P	1
I79G-E94H	1
K63V-Q70K	3
M15L	12
S7L-S92Q	1
K17S-K87R	1
M15P	4
M15S	9
M15R	12
F34R-L68I	1
M15T	4
M15W	6
M15V	20
M15Y	4
S36M-Y40R	1
M15_	2
L27F-Q103N	1
K17Q	6
K17P	3
K17S	44
K17R	41
S16L-H84N	1
K17T	45
K17W	25
K17V	45
E74I-E80P	2
D42G-Q70K	3
S43D-I75M	1
G52P-W64_-Q70K	1
K17_	2
M18R-Q70K	1
K17A	29
D42P-T114A	1
K17C	30
V5L-I11H	1
K17E	9
K17D	2
K17G	32
K17F	14
K17I	14
K17H	7
Q70_	1
K17M	25
K17L	48
K17N	9
D42V-E46Q	1
Q9K-Q70K	1
Q70K-T89S	1
E46K-A47W	1
F8V-W64K	1
N59R-W64G-Q70K	1
D10L-R14A	1
Q9K-R65T	1
M15G-V48Y	1
S7L-R65W	1
D42V-E46G	2
R76_-Q100R	1
S6K-D42G-R65M	1
F8K-E81_-R85_	1
V5C	1
S16P-Q70L	2
E46T-Q70K	1
S16P-Q70K	1
E25Y-Q70K	3
I11L-Q70K-T89F	1
T32D-E46L	1
L37W-Q70K-M99R	1
L12N-Q70K	2
D42V-Q70K-K71N	1
R14L-G29R-Q70K	1
D1L-S23E	1
E73F-I79V	3
K17V-V82L	1
G52Y-Q70K	4
D26F-L68_	1
E25R-E66L	1
D1T-S7R-T32K	1
S7V-Y40K	1
E109_	23
F8D-Q70K	1
G21R-Q70K	2
M15V-G62R-Q70K	1
D10Q-F98L	1
Q70M	5
E90M-Q95S	1
Q70K-E94G	2
P2K-S6G	1
S23E-R113G	1
I30Q-G69K	1
M51L-Q70K	3
Q70K-S92K	1
L44T-Q70K	2
Q70K-S92E	1
Q70K-S92D	1
E35G-L54P	2
L57V-K63P	1
E25I-T32A	1
R65A-K71M	1
Q33Y	1
N59D-F98L	1
F72R	10
S6L-D42M	1
Q70K-S92P	1
N59Q-Q70K-R85G	1
E25L-G62C	1
Q9K	7
W64H-H84R	1
D26G-E94V	1
D1W-M49V	1
E35D-Q70K	1
Y40R-R83G	1
Q9L-I30C	1
F115A	1
R65L-R85V	1
L39V-R65Y	5
G21E-H84L	1
S23Y-R65L	1
R14L-S36K-E73G	1
S22V-V48Y	1
H55R	6
H55S	7
S7L-R41W	1
H55Q	3
D42V-E66G	1
H55W	1
H55T	1
I11H	1
N3V-Q70K	2
H55Y	9
H55_	3
K17R-V82D	1
H55A	1
H55F	2
H55G	9
H55D	1
S22Q-Q70K	2
F72P	4
H55K	1
H55I	3
K17L-S36I	1
H55L	9
E25L-G62A	1
E35N-Y40P	1
D42K-Q70K	2
D1L-F8N	1
D42E-E81M	1
S7K-Q70K	3
D1Y-A47C	1
Q33L	1
S7L-E81G	1
Q19L-T97P	1
D42R-L78G	1
D1R-Q70K-M99G	1
T32R-Q70K	3
P2A-Q67A	1
I75C	8
T4Q-D42R	1
W64C-Q70K	2
D42S-E111_	1
G29A	5
D26G-K63F	1
L12T-Q70K	3
E74S-E80A	1
L54M-Q70K	1
D10R-E46L	1
D1M-D53M	1
Q70K-T97F	1
E66L-F72V	1
E35T-G69L	1
S7M-Q70K	1
H55S-Q70K	1
G52V-L78R	1
I79N	3
D42P-T89N	1
D42M-R65W-Q70K	1
T4N-G69V	1
S43T-W64L	1
Q67L	31
Q67M	2
Q67N	1
S7L-D42F	1
Q67I	24
N59S-Q70K	3
S24_-E109_	1
Q67D	1
Q70K-T97M	1
D10K-V82P	1
Q67G	1
Q67A	37
D1K-D42M-Q70K	1
R14G-M49P	1
I30A-Q70K	2
M15R-E81N	1
Q67Y	5
Q58A-G69V	1
S22W-T89F	1
Q67T	5
V48C-Q70K	1
Q67V	14
E25R-T32R	1
Q67P	12
S16_-L105V	1
Q67R	6
Q67S	7
S7L-E74Q	1
F8K-Q70K	1
G21M-Q70K	1
G45M-F72S	1
K71D	2
Q9L-G69K	1
N3C-D42C	1
R14H-E80W	1
F93W-F117C	1
R65G-K71L	1
S16_-W77H	1
S7G-G62A-Q70K	1
V5_-R65Y	1
S43E-A47S	1
I31R-Q70K	3
I11T	1
W64_-I75K	1
T4R-L68R	1
L37P-Q70K-Q95F	1
T4P-Q70K	1
F8L-L44H	1
R14S-R76K	1
I11V	2
Q58V-W64L	1
F8I-L68G	1
L37C-D53E	1
E25V-T32Y	1
Q70K-E111L	1
D1F-L57V	1
Q70K-E111C	3
Q70K-E111A	2
Q70K-E111F	1
D10T-G52V-Q70K	1
F8T-H55R	1
L54I-I79A	1
D42F-S43L-Q70K	1
Q70K-E111R	1
D53I-Q70K	2
Q19Y-Q70K	2
S23A-Q70K	1
D42E-Q70K-I112C	1
Q70K-E81K	1
N3H-E80S	1
R60K-K87C	2
D42T-W64_	1
L37P-E80S	1
K63T-Q70K	7
E46N-Q70K	1
T4K-W64P	1
Q70K-N91F	1
D26L-R83M	1
D10W-S16A-R76S	1
Q33E-F98L	1
M13I-D26F	1
D26L-D42S	1
E74Y-E80R	1
S7A-Q70K	2
E35S-E81R	1
E35S-W64K	1
G45L-Q70K	3
Q70K-R85F	24
Q70K-R85G	3
K17E-S23V	1
Q70K-R85A	2
Q67C-Q70P	1
Q70K-R85H	1
S36V-E111R	1
D26K-G29C	1
S16P-R85N	1
Q70K-R85T	1
Q70K-R85V	2
E90Q	1
M18A-S22C	1
S7V-G62R	1
Q70K-R85S	3
M18G-Q70K	2
N59M-Q70K	3
Q70K-R85_	1
S7W-R85G	1
Q70K-R85Y	2
K17A-D26N	1
E90W	2
S7K-S36R	1
S16Y-I75M	1
A101V	1
G21F-E81G	3
I31Q-R65W-G69D	1
T32F-R65L	1
D10T-E81R	1
D10_-L68S	1
V5L-M13I	1
R50H-S56Y	1
Q9H-M13T	1
W64C-E90G	1
N3D-Q33C-Q70K	1
G52C-Q70K	1
L68F	6
E90Y	1
V5G-Q70K-E80C	1
Q67A-H84Q	1
D10Y-S43F	1
F72Q	1
S24V-Q70K	1
E90_	1
E35S-Q103R	1
V48Y-G69R	1
M13V-G69L	1
R41C-Q70K	3
K63F-Q70K-V82M	1
S22L-I88R	1
N61Q-Q70K	1
S16_-Q70K	2
I11V-Y40S-L68S	1
S24G	6
E90C	2
H84K	2
L57C-G69V	1
K17C-R113I	1
G29A-Q70K	1
M13L-D42F	1
E90A	5
S23E-M49I-R76T	1
D10S-Q70K	4
R14M-L86_	1
W64R-I88R	1
E90G	4
R41G-E80M-N91I	1
D26Y-G29K	1
Q19D-R60E-Q70K	1
K17H-Q70K	2
V48Y-R65G	1
M49A-Q70K	2
T4L-E46A-Q70K	1
F8A-Y40R	1
G52T-Q70K	2
G21L-F93N	1
L12S-G69D	2
N59M-R65Q	1
R65A-Q70M	6
S23Y-Q70K-L104P	1
D1W-L68E	1
M49S-A101T	1
Q19N-R113I	1
S24E	5
F8S-W64S	1
E90I	6
G29M	4
D26R-T32M	1
S43H-R85W	1
E46L-R65Q	3
Y40P-D42N	1
N61S-Q70K	2
K17C-S24V	1
D1H-W64L	1
S23L-Q70K-E81S	1
N28W-W64C-Q70K	1
D1K	14
F8A-M49R-H55L	1
N59P-Q70K	1
G45F	8
G45D	4
E25D-A47K	1
V5P-R83A	1
G45C	3
N3D-S24L-Q70K	1
G45A	5
E81T	22
G45L	20
G45M	6
R41L-R65L	1
G45K	13
G45H	2
F34E-Q70K	1
G45V	2
G45W	13
G45T	9
G45R	19
G45S	11
G45P	56
G45Q	4
D26I-Q70K	2
G45_	2
D1T-S7R-I31C-K87T	1
G45Y	1
G52R	6
G52S	5
G52P	2
G52Q	3
G52V	10
G52W	13
G52T	3
V5Q-K87L	1
G21W-Q70K	3
G52Y	4
I30S-A47V	1
G21W-D26E	1
G52C	6
L57E-W64V	1
G52A	6
G52F	2
M13G-W64R	1
G52E	1
Q110T	2
G52K	1
G52H	1
G52I	6
G52N	3
G52L	11
G52M	7
T32Y	14
S7I	10
G21L	33
G21M	6
Q70K-I88L	4
H84Y	2
T32Q	3
T32P	6
T32S	10
G21C	5
G21D	5
G21E	7
T32W	4
T32V	15
T32I	6
G21Y	5
T32K	4
Q70K-I88Y	1
T32M	7
T32L	28
T32N	1
G21P	9
S56V	3
G21R	12
G21S	5
G21T	7
Q70K-I88W	2
T32G	10
G21W	10
G69T	11
I11W-L37P	1
G69V	18
G69W	11
G69P	7
G69Q	11
G69R	34
G69S	23
R41F-G62E	1
N3P-Q70K	3
S6V-R76Q	1
Q9M-E25P-G29A	1
G69D	8
H84P	10
G69F	5
S36V-K63Y-Q70K	1
G69A	13
G69C	22
G69L	74
G69M	16
G69N	11
K17N-R65H	1
G69H	4
T4A-Q70K	2
W64P-Q70K	3
G69K	25
S56Y	5
H84T	1
S22M-L57V	1
R60L-W64Q	1
K17V-K87T	1
T32Y-W64E	2
D26H-Q70K	2
S7G	10
K17S-M51D	1
D10Y-L86G	1
M18L-E35T-Q70K	1
H84W	2
F8G-W64I	1
W64Y	15
Y40S-E80V	1
E35S-Q70K-R85F	1
E35L-Q70K-K71E	1
W64G-Q70K-Q95R	1
H84I	5
S23G-V48Y	1
R65S-K71L	1
N3T-R65M	1
G29I-D42V	1
D26R-L54G	1
S24I	1
Q58G-L68S	1
L119S	4
S7R-G62R	1
D26E-T32A	3
I31Q-Q70K	2
F72W	11
L27K-I31L	1
S56F	6
L37D-K87L	1
S24R-S43L	1
N28I-Q70K	2
P2A-R65A-Q70M	1
Q19_-R60K	1
R14P-R83G	1
H84N	12
D42L-W64G-Q70K	1
S24D-Q70K	2
E66_-Q70K	1
E111W	1
F72K	2
V5H-E80F	1
D42A-L105S	1
G21E-Q103Y	1
K17L-R65K	1
H84A	3
K17A-S23_	1
S56H	1
S7C-D42V	1
V5D-Q70K	1
H84C	8
R41D-Q70K	1
W64L-W77R	1
D10P-F34H	1
K17S-E94M	1
S56N	4
I79T	6
S16M-Q70K	1
H84E	5
T89P-L106V	2
F72V-E81R	1
V5Y-F8S	1
F34W-K38W	1
P2L-Q70K	4
S56L	12
R14G-E81R	1
E35K-Q70K	4
D1G-G62R-Q70K	1
S36V-I75G	1
S56M	4
I79Y	3
E35Y-Q70K-E111S	1
D53L	14
L68A-E111G	1
D53N	2
R50E-H55S	1
D53H	45
D53I	3
S23M-G62R	1
D53K	4
S43T	19
D53F	4
D53G	7
V82I-K87S	1
D53A	14
M13G-N61Q	1
D53C	8
I31T-W64_	1
S16L-L54I	1
D53_	1
D10R-Q70K	3
F8Q-Q70K	2
D53T	8
G45R-L105A	1
D53V	6
D53W	4
D53P	4
R41W-Q70K	4
D53R	2
D53S	24
Q70K-Q103I	2
I79C	11
N3M-G62D	1
G29C-H84F	1
Q70K-Q103L	1
R65L-W77G	1
Q9I-Q70F	1
Q70K-Q103G	1
Q9R-M51Q	1
F34P-Q70K	1
Q19_-Q95R	1
R41K-K63Y-Q70K	1
L39F-I79V	1
E66T-L86E	1
L57W-G62C	17
I79G	10
Q70K-Q103S	1
Q70K-I96V	1
G45P-L68R	1
S43M	11
S24L-Q70K	1
S36T-Q70K	4
I79E	3
I11T-W77R	1
W64_-E109G	1
P2R-T32A-M99V	1
D42L-E66K	1
L44Y-L104_	1
L39S-E80C	1
T89_-L102S	1
G21A-W64A	1
K17W-K87R	1
Y40H-Q70K	1
R14G-S22R-E81L	1
M18K-R85E	1
Q70K-I79T	1
R14G-G62R	1
A101H	1
Q70K-I79Q	1
I79H	2
S7R-L27K	1
R85W-Q100P	1
G45Y-Q70K	1
Q58N-E90R	1
K17G-Q70K	6
A47S-Q70K	1
I11S-Q70K	2
S16_-R65L	1
S43F	12
Q70K-Q110R	1
L68A-R76K	1
I79L	20
Q70K-Q110Y	2
S36Y-Q67S	1
I75W	8
I75V	7
I75T	3
I75S	13
I75R	25
I75Q	5
I75P	18
I75_	4
Q33T	1
P2R-Q70K	5
Q33V	1
R41F-D53Y	3
I75Y	4
Q33R	1
I75G	8
I75F	31
I75E	6
I75D	5
R65W-E66G	2
S43F-A47E	7
I75A	9
E66A-G69R	1
I75N	13
I75M	12
I75L	14
I75K	12
D26L-Q33_	3
I75H	3
N3F-F8L	1
L12C-N59A	1
D42L-F72S	1
D10L-R83Q	1
R65H-K71R	1
S16L-G52L-Q70K	1
D10L-R83V	1
D10K-T32L	1
S23L-H55R	1
E66_-Q67W	1
L37P-Q70K	2
R41N-Q70K	1
V5R-Q70K	4
P2N-F8Y-I75V	1
S24F-M99V	1
I30R-Q70K	3
D42F-Q100_	1
D1L-S6R	1
P2L-E81P	1
E66_-G69L	7
S36Q-Q70K	2
G62S-E66_-Q70K-R85K	1
P2A-H55F	1
S7L-L68W	1
I31A-L105V	1
D26G-I31L-Q70K	1
N3F-Q70K	1
G52W-Q70K	1
R14L-S23V-F93E	1
S56R	14
S7H	14
S7K	8
S56Q	2
S7M	7
S7L	138
S56T	10
H84_	7
S7A	4
H84Q	2
H84R	26
H84S	5
S7E	2
S56_	4
H84V	22
S7F	8
S7Y	2
S56C	1
S56A	2
H84L	37
H84M	16
S7_	2
S56E	4
S7Q	11
S7P	1
R76T-Q95_	1
S7R	36
H84D	5
S7T	5
S7W	12
H84G	15
R83N	3
R83M	8
R83L	18
R83K	5
R83I	3
R83H	9
R83G	15
R83F	10
R83E	3
E73I-L78Q	1
R83C	7
K63R-G69D	1
R83A	11
S6A-R76S	1
R83_	4
G29V-K87G	1
R83Y	9
L39R-Q70K	1
R83W	2
R83V	23
R83T	5
R83S	7
L37G-L44V	1
R83Q	5
R83P	3
L39P	1
L39R	1
S43F-Q70K	1
L39V	2
Q70K-E109S	1
L37S-W64G	1
F34L-Q70K	2
N3C-E90G	1
D42F-G62R-Q70K	1
A47G-Q70K	1
L39E	1
L39F	6
L39G	1
Q9S-Q70K	2
V48K	1
Q9G-Q70K	1
L12S-Q70K	2
S23F-Q70K	1
K63W-Q70K	2
M13I-Q70K	2
S24L-M51I-M99G	1
Q9M-I79E	1
G21L-Q70K	1
R65T-Q110Y	1
M99C	1
M13T-G62R	1
Q9R-I96M	1
V48H-Q70K	1
S24_-D26Y	1
R60E-Q70K	2
M15H-S36V	1
M99V	5
V5P-R60W-W64P	1
R83A-T89I	1
R60F	7
S7L-R41V	1
S24A-Q70K	1
N59G-W64N	1
G52R-L86R	1
W64H-E90A	1
R41P-E46L	3
E35N-Q70K	4
M15G-Q70K-Q95_	1
S43N-E46S	2
D1R-W64S	1
R65Q-E109V	1
M18L-E94V	2
V5Y-G62R-Q70K	1
Q9P-S16W	3
S43K-Q70K	1
Q70K-L105V	1
W64G-F93W	2
E94G-Q95R-M99V	1
E35W-Q70K	2
G45R-H84I	1
Q70K-L105A	4
D1T-S7R-D53Y	1
L54M-E74Q	1
D1K-F8L	1
H55P-Q58P	1
Q9S-M15V	1
R14S-R65Q-E111Y	1
R60N	2
Q70K-L105M	6
I96T	1
G29C-L86G	1
M49I-G62L-Q70K	1
I96P	1
I96Q	3
I96R	2
I96S	4
F34I-Y40S	2
L57Y-T89I	1
M15W-K71L	1
R14K-H84L	1
M15V-R76G	1
S36F-V48I	1
I96D	1
I96F	2
I96G	1
D26L-E35S-Q70K	1
I96C	2
I96L	43
I96M	1
D10E-Q70K	2
I96H	1
G29R-R76L	1
Q58K-L68G	1
I31C-F98L	1
W64L-R76S	1
R65K-E109_	1
W77I	6
L12R-M18I	1
F34S-Q70K	1
G62E-Q70K	3
L104P-Q110T	1
K17F-G52Q	1
K87L-E90V	1
I30M-Y40K	1
L68M	17
F8M-D42T	1
I11E-Q70K	1
Q19W-G62R	1
D53C-Q70K	1
N59V-W64V	1
Q9M-S16R	1
E46G-L105M	1
L68K	21
R14N-Q70K	1
V5R-F8I-S16G	1
G45Q-Q70K	1
M13_-Q70K	2
S7G-F98L	1
S36G-Q70K	16
R50Q-M99S	1
L68I	14
R14C-Q70K	1
G29Y-Q70K	3
D10I-Q70K	1
L119C	1
E35D-G52_-R85G	1
L68G	54
L20S-D26P	1
E35W-L105E	1
R83L-S92N	1
L57W-Q70K	2
Y40R-V108G	1
E73D-R76C	2
Y40R-Q70K	4
L68E	38
E46L-M99S	1
T89E-E94G	1
D10V-M49Q	6
S43F-I88T	2
L68C	61
M15A-I88G	1
P2N	1
E46I-D53N	1
D26Q-E80G	1
K17T-K38R	1
D53R-V82E	1
G21W-D42P	1
D26Q	16
D42G-N61T	1
E25W-E66G	1
I88P	4
R41F-Q70K	2
S23G-Q70K	4
E46S-R76E	1
T114A	1
K17R-S22L	1
Q70K-L86G	1
Q9R-L20R	1
S36H-Q70K	1
L105M	9
P2G-S23A	1
R65Y	24
R65_	27
L57V-Q70K	1
L37I-Q70K	2
R76D	3
R65S	84
L105G	6
R65P	35
R65W	39
R65V	54
L105C	1
R65T	106
R65K	24
D42G-Q67_	1
R65I	22
R65H	18
T4R-E25F	1
R65N	23
R65M	24
L68W	9
R65C	20
Q70K-L86F	1
R65A	47
L105V	19
R65G	59
R65F	29
R65E	13
R65D	42
D53N-R85I-I96V	1
S43R-Q70K	5
K17F-Q70K	3
K17L-S24G-R85G	1
L37V-S43Y	1
S22A-Q70K	2
I11M-L12C	1
E81A-I88Y	1
D10H-Q95_	1
E25W-T32S	2
G62F-Q70K	6
L27R-R65E-F98H-L102M	1
L44H-Q70K	1
V48W-Q70K	3
E25G-E35A	1
R14G-E35C	11
G29L	12
K17G-S24R	1
S22L-E81S	1
N28V	6
G62R-R76M	1
E46P-Q70K	2
M51R-S56E	1
D42T-E46G-S56P	1
S7L-Q9H	1
N28P	8
M18D-L68S	1
P2V-Q70K	2
E46D-V48T	1
S6N	1
S43E-G45C-Q70K	1
S6L	21
S6M	6
M18N	6
S6K	18
M18L	40
S6I	4
M13S-S43V-Q70K-E94L	1
S6G	3
S6D	2
M18A	3
M18F	5
S6C	6
M18D	6
S6A	14
I11F-E74A	1
S6_	4
M18Y	4
M18_	3
Q70K-L86I	3
S6Y	4
S6V	8
S6W	8
S6T	5
M18Q	3
M18V	21
M18W	14
S6P	5
S6Q	4
L12A-Q70K-M99G	1
R14D	1
D26M-Q70K	2
P2G-Q100R	1
V5L-Q70K	2
N28Y	5
D42P-Q70K	9
T89P-S92L	1
Q70K-I112Y	1
Q19P-E66L	1
M0T-Q70K-V82S	1
T89D-I96F	1
N28D	5
Q9S-L12R	1
S7V-D42G	1
E35I-G45R	1
Q9P-V48Y	1
L44W-Q70K	3
T89I	8
L44R-E81R	1
Q19R-R65L-E81R	1
Q58R-Q70K	1
T89H	3
S6R-R41G-Q70K	1
T4H-R60I	1
D42M-R76G	1
Q70K-Q100R	1
D1A-S36C-Q70K	1
D10G-W64C	1
G45C-Q70K	1
D53R-Q70K	4
D10M-Q70K	1
M18I-V48Y	1
T89L	11
S36K-Q70K	1
L57A-W64C	1
T89C	6
D26I-I88Q	1
L44E-V48S	1
M0L-S43R	1
M18I-D53V	1
F8P-D42A	1
S7K-Y40L	1
Q70K-F98P	1
V5A-S7I	1
Q70K-F98V	1
S7L-D53H-Q70K	1
R60V-Q70K	2
N28H	2
Q19K-E25Y	1
L27V-Q70K	3
N28I	1
N59I-Q70K	3
Q19C-Q70K	3
L39F-W64R	1
S36I-Q70K	5
S16G-Q70K	4
N59S-W64G	2
Q70K-F98H	1
Q70K-F98I	2
I11M-I31S	2
V82Q-Q110E	1
Q70K-F98L	7
T4R-V82P	1
S7_-D42A	1
M0I-D1R-S6N	1
E25G-D53G	1
M13V-M15L	1
S23G-N91D	1
F8L-M51N	1
F34L-G69N	2
D42F-R50I	1
E25M-H84Q	2
G29W-G62F	1
P2M-Q70K	1
D1W-R41F	1
V48F-Q70K	1
L102I	1
G29W-L78M	1
R50G-G62A-Q70K	2
R14W-Q70K	1
G21E-Q70K	1
L37G-S43_-Q58F	1
V5S-Q70K	2
V108A-E111G	2
S7R-F93C	1
K17V-E81S	1
D42G-Q103Y	1
Q70K-E81V-M99G	1
R41A	11
R65S-Q118R	1
Q58G	14
M51Q	1
M51S	3
M51R	5
K63Y-Q70K-H84R	1
M51T	4
M51W	4
M51V	3
M51Y	3
I11D-G21R	1
G52M-Q70K	1
P2A-T89Y	1
D10V-D42F	1
M51_	1
M51A	4
W64Y-Q70K	2
M51C	1
S6R-R113G	1
M51E	3
L12Q-D42A	1
E25N-T32S	1
S22F-R65Q	1
M51I	5
M51K	2
S22W-V48_	1
M51L	20
Q9H-K17L	1
M51N	1
E35G-L37M	1
S6L-Q70K	2
K17M-S22A-S36R	1
T4V-R14K	1
E35G-L37G	1
L54I-L78Y	1
D1T-S7R	37
L54I-L78G	1
S43L-I112R	1
M51G	2
P2S-D42L	1
F8L-Q9R-Q70K	1
Q19R-R65L	1
M15V-K87Y	1
D10G-Q70K	3
R41C-F93V	1
E35S-N59S-N61S	1
K17V-S23W	1
V108G	2
D10R-Q70K-F93C	1
M15_-E35R	1
D1V-Y40K	1
S43C-T89L	1
R41V-V48W	1
M15V-D42V	1
D42P-F98A	1
D53K-Q70K	1
R60W-W64P-E80D	1
R41V-V48L	2
N3R-R65W-Q70K	1
S6Q-S23P	1
N3S-M13I-L68G	1
L27K-E111_	1
G52C-E81L-K87V	1
V48L-Q67F	1
S22T-W64Q-Q70K	1
P2L-M15V-Y40H-Q70K	1
M15C-W64K	1
Q9R-E46T	1
D42R-R65D	1
D1P-K87W	1
H55T-Q70K	2
Q9R-Q67C	1
S7L-R65V-E90K	1
D1T-S7R-Q95R	1
D53G-H55T-Q70K	1
S16_-Q70K-F93W	1
N3G-R41A	1
D42N-S56N	1
N3I	4
S56G-E80R	1
N3K	6
N3L	10
N3M	7
D42C-E109W	1
L104I	2
V5A-S6L-G45L	1
N3C	3
N3E	1
N3F	10
N3G	12
N3Y	4
L105W-I112E	1
G21V-R85V	1
R14M-Q70K	2
N3_	8
N3P	6
S56P	2
N3R	8
N3S	15
L104R	4
L104S	1
N3V	9
N3W	4
D42G-R85L	1
M13V-E25F	1
R65A-E111K	1
K17L-I30V	1
Q19Y-N59M-Q70K	1
M15Y-Q103_	1
L20N-L37M	2
R14I-D42K	1
Q19C-S24Q	1
R65W-R85G	1
Q9T-D53G-I88V	1
S16M-E74_	1
T4Q	2
G21L-G62L	1
E46Q	4
E46P	28
E46S	15
E46R	6
E46T	6
Q33F-Q70K	1
E46V	7
E46Y	8
E80Q	2
R41F	11
E25Y-L27F-M99C	1
E46_	3
E46A	9
E46C	6
M13P-R60V	1
I30Y-G69C	1
E46D	3
E46G	16
E46F	10
E46I	58
E46H	3
E46K	11
E74K-L86D	1
E46M	4
E46L	8
E46N	11
V5L-E35M	1
S16A-Q70K	1
K17Y-S23F	1
R41I	16
Q58P-R65W	1
V5Y-Q70K	1
M13T-Q70K	2
D42R-G45V	1
K17C-S23Y	1
R50H-Q70K	1
S56W	5
R83D	1
S6P-D42P	1
M15K	1
E66K-Q70F	1
F34A	5
I30V-I31N-T32N-Q33T-F34V-E35R-S36V-L37S-K38E-L39T-Y40L-R41Q-D42R-S43F-L44A-G45W-E46R-A47S-V48S-M49N-R50E-M51N-D53R-L54P-H55P-S56L-L57T-Q58P-N59K-R60Q-N61K-G62R-W64M-R65A-E66G-Q67T-L68I-G69R-Q70S-K71E-F72V-E73_-E74R-I75N-R76K-W77V-L78V-I79D-E80_-E81R-V82S-R83E-H84T-R85Q-L86T-K87E-I88D-T89N-E90R-N91E-S92_-E94_-Q95A-I96N-T97N-F98I-M99Y-Q100A-A101S-Q103T-L104T-L105I-L106A-E107_-V108S-E109G-Q110A-E111R-I112D-R113K-T114N-S116L-F117V-Q118S-L119A-I120Y	1
F34C	13
F34E	3
F34D	1
F34G	8
P2A-G62F	1
F34I	6
F34H	3
F34K	9
G21W-K87R	1
F34M	5
F34L	9
E74N-L78W	1
F34N	7
E74N-L78I	1
F34P	8
F34S	17
F34R	14
F34T-Q70K	2
F34T	12
F34W	25
F34V	23
F34Y	8
Q70K-R85I	1
D10L-S16N	1
M99L	2
S56R-Q70K	1
M99N	14
M99I	4
S36Y	28
M99K	1
S6H-Q70K	1
S36T	8
M99D	23
S36V	54
S36W	19
S36P	11
S36Q	3
S36R	50
E73G-I79T	2
S36L	46
S36M	17
S36N	11
S6P-V48_	1
S36H	6
S36I	31
S36K	17
S36D	7
S36E	2
S36F	21
S36G	13
R60C-W64F	3
S36A	12
M99S	21
S36C	15
H55Q-G62A	1
M18L-L20F	1
I11A-R85G-E111N	1
L57H-W64S	3
E74T-F98L	1
Y40_-L44V	1
D26A-L68F	1
R41T-Q70K	1
D1F-V108E	1
S36_	1
P2G-I79V	1
P2G-I79Y	1
D1F-G62A	1
S43N-Q70K	1
E35R-F72G	1
Q9H-A47G	1
S7P-G45P	1
Q70K-A101C	1
K17R-S23L	2
G62S-Q70K	18
Q19R-V82S	1
S7V-I96F	1
R41G-D53N	1
E25C-R65K	1
S16T-S43I	1
S7N-M18G	1
D42S-Q103Y	1
K17V-S43K-G69C	1
K63R-Q70K	5
Q70K-K87L	1
V48H-Q100R	1
V5L-L86V	1
Q70K-K87H	2
R65L-G69E	2
R60Y-Q70K	1
Q70K-K87G	2
Q70K-K87F	2
R65L-G69A	7
K17F-S43L	2
Q70K-K87_	1
Q67E-I75K-L78E	1
Q70K-K87Y	5
S43V-Q70K	12
Q70K-K87T	2
Q70K-K87W	3
N59G-T89E	1
Q70K-K87S	2
Q70K-K87R	3
G45L-A101P	1
F8C-Q70K	11
F8K-S36T-G69I	1
L78S-R85I	1
K17Y	10
D1T-Q70K	3
M18S-D53A	1
L44C-Q70K	1
L37S-I96L	1
F8V-L86R	1
S16N	3
S16L	24
S16M	6
Q33R-E66V	1
Q58Y-W64S	2
S16H	1
S16I	7
S16F	11
S16G	33
S16D	5
S16E	2
S16C	9
S16A	16
K17P-Q70K	1
S16_	3
N3F-Q95A	1
P2E-Q70K	2
S16Y	5
S16V	19
S16W	2
R14G-D53K-Q70K	1
S16R	11
S16P	12
S16Q	1
N3C-F8V	1
S22C-Q70K	1
V5R-R65H	1
S16L-Q70K	1
L57K-Q70K	1
G62T-I88S	1
E81C-Q95P	1
K17C-Q70K	3
F8A-N59Y-W64P	1
D26W	6
K17T-E25G	1
A47T-E94_	1
S43W-Q70K	1
M13F-G62R-V82E	1
L20Q-R83Y	1
L20I-Q70K	1
N3K-Q70K	3
P2T-L68K	1
S7L-Q70K-F93S	1
S23G-H55D	1
R41K-Q70K	1
R14K-Q70L	1
F98M	2
F98L	20
L12F-Q70K	1
F98I	5
R41W-L106R	1
M13Y-Q70K	2
T114L	15
F98C	3
E25S-T32C	1
I11_-Q70K	1
T114W	1
S22I-S56L	1
Q19S-S23N	2
F93K	5
Q70K-I88P	1
F98V	13
F98T	3
F98S	7
F98R	2
F98P	2
S56C-Q70K	1
G21Y-Q70K	1
E46K-E66W	1
E74R-F93C	1
G62K-Q70K	1
S7N-M15G-L37Y	1
E35Y-D42G	1
Q70K-N91Y-T97I	1
L68V-N91T	3
S16R-E73_-I79Y	1
H55G-Q70K	5
Q9P-Q70K	1
E35T-Y40R-A47S	1
D26V-Q70K	8
F8I-Q70K	1
R41H-Q70K	1
I30M-E80R	1
I31W-Q70K	3
G21H-S36L	1
R14M-T97G	1
R14M-T97K	1
M51N-Q70K	3
M18G-G69V	1
R41T	9
K17R-R65L	1
S24P-F98Q	1
L27K-G62A-Q70K	1
R76L-F93T	1
E25C	16
E25A	12
E25F	24
E25G	15
E25D	4
Q95D	1
E25K	9
E25H	14
E25I	5
E25N	2
E25L	39
E25M	6
E25R	18
E25S	12
E25P	10
E25Q	4
E25V	20
E25W	18
E25T	6
P2G-Q103Y	1
E25Y	8
E25_	2
E81Y	2
S6W-Q70K	3
M18T-Q70K	1
E81_	8
E81P	4
E81Q	3
E81R	84
E81S	44
W64N-Q70K	8
E81V	40
E81W	8
E81H	7
E81I	60
K17G-E74D	1
E81K	10
E81L	54
E81M	10
E81N	9
L68C-L105A	1
E81A	8
E81C	15
E81D	8
E81F	9
E81G	11
T4V-Q70K	1
D1E-Q95R	1
Q70K-I96K	1
P2R-S7I	2
D1G-G62L	1
G21P-E94K	1
K17G-L27F	1
L37S-G62N	1
R85G-I88R	1
S7R-R65F	1
S56P-K87M	1
S56G	8
S43G-E109A	1
M18Q-T97I	1
Q70K-I96R	1
T4S-H84T	1
S24T-E25D-W64_	1
N59S-K63I-Q70K	1
L68S-G69C	1
R14V-D53A	1
L27S-D42C	1
S56D	2
Q70K-E111S	2
N3R-E81G-K87V	1
Q19R-W64K-Q70K	1
F34L-W64S	1
S22L-G29R	1
P2A-D53R	1
G62N-L78F	1
Y40S-L44F-Q70K	1
M18C-T32I	1
R41D-E66_	1
T4H-L20F	1
Q9A-Q70K	2
Y40K-F98S	1
L27K-Q70K	2
M15G-Q70K	5
S36C-E74L	1
S23Y-L68S	1
K17Y-I88K	1
L27W-D53G	1
L27N-Q70K	1
D1G-Y40N	1
S22_-Q70K	1
E66R-T97N	1
D1W-E74G	1
L54Q	5
S43Y-Q70K	3
Q70K-M99R	1
Q70K-M99S	1
G52L-Q70K	1
S23P-G62A	2
R41K-F93V	1
R14Y-Q70K	1
S43G-V48M-Q70K	1
D1S-F8C	1
L12V-L44F	2
T32P-Q70K	3
K63L-Q70K	3
N28L-Q70K	3
Q70K-M99D	5
Q70K-M99E	1
S43R-Q70K-Q103V	1
W64Q-E81K	1
K63R-M99D	1
Q9R-R65F	1
K17A-E80H	1
L57K	1
M51I-F72Y	1
V5P-D42F-Q70K	1
D10W-M15N	1
K63P	9
N91K-E94H	3
D10H-Q70K	1
W64Q-Q70K	1
N91F	6
S7R-N59T	2
H55S-W64L-Q70K	1
D1M-L68K	1
F34V-Q67R	1
S36F-I88N	1
K17E-D26R-Q70K	1
N91K-E94V	1
R14S-G52R	1
M15A-Q70K	1
Q70K-I96L	2
D1R-T4R-I96L	1
D26N-I96N	1
P2L-D42I	1
M15L-G62R-Q70K	1
S7R-Q70K	5
D1G-V5R	1
P2M-I79T	2
D42L-Q70K	16
S16C-Q70K	1
Q70K-E81V	1
F34T-K38T	2
Q70K-T97A	1
S7L-M51I	1
E35G	47
L12T-I31H-Q70K-E81R	1
R14C-E81I	1
T32V-E80A	1
R50D-Q70K	1
N3R-Q19S-Q70K	1
S56I	3
S6V-S36M	1
I30L-Q70K	2
D10R-E90F	1
D10G-R41V	1
M0V-E94V	1
N59Q-K63R	1
R50L-E74Q	1
Y40_-N91C	1
D42F-L68S-Q70K	1
Q70K-F93K	1
S16A-L37Q	1
I31N-Q70K	1
T4V-E80R	1
D10K-F72R	1
T32V-E81_-R85_	1
S43H-Q70K	1
G69W-Q70L	1
D10G-E80S	1
D1V-K63C	1
E25_-D26E-T89I	1
S7L-E73P	1
E66K-E80Y	1
N3G-G69K	1
T4F-K87L	1
Q9R-R14E-G62S-Q70K	1
D1T-T89M	1
F72_-T97K	1
N59Q-Q70K-V82M	1
E25M-I31L	1
E25V-I31R	1
Q70K-Q95V	2
D1P-R65V	1
N61L-E81K	1
D1L-Q70K	4
R60K-T89V	1
F8N-F34R	1
L102R	2
K17S-V82M	1
F8M-Q70K-I88R	1
M13L-N28Q-Q70K	1
S7M-G21Y	1
S22M-L78M	1
M13K-K17I-S23I	1
S22T-Q70K	2
N3L-E66G	1
F34N-Q70K	2
M18L-R76M	1
P2S-Q70K	3
M51F-Q70K	1
D1L-E111V	2
Q19_-M99D	1
E81L-K87_	1
D1M-Q70K-E94V	1
D42K-E46P	1
E25S-I30W-W64C	1
L105F	1
N3S-R41I	1
E35L-L105V	1
E73A-I79Y	3
S43A-V48S	1
R50A-Q70K	1
D42A-V48G	3
V82Q	2
V82R	21
V82S	20
V82T	7
V82F	2
V82W	5
E35S-S43P	1
V82Y	2
V82_	6
V82A	10
V82C	4
V82D	13
V82E	12
E73G-R76G	2
V82G	24
V82H	1
V82I	4
V82K	8
V82L	11
V82M	2
V82N	2
G62D-Q70K	2
D10W-L20F	1
M13T-E81I	2
F8A-Q70K	6
V48Y-K87_	1
F34G-Q70K	1
F8S-W77_	1
P2A-Q70K	5
M51I-E81L	1
L105E	4
N61L-Q70K	2
S43P-Q110R	1
Q58K-V82Y	1
E25I-Q70K	1
E25R-I30H	1
L78I-R85I	2
R14L-S36A-Q70K	1
R65Q	34
Q19M-Q70K	2
D53L-K87L	1
Q9I-G21W	1
D42T-Q70K	3
D10V-E46P	1
L105A	19
F8E-Q70K	3
K17L-S24P	1
D10T-M13S-Q70K	1
R85H	4
E25W-I31P	2
F34L-D42A-Q70K	1
L27N-A47T	1
S7L-Y40V	1
K17R-L104S	1
L20N-W64L	1
D42L-E109A	1
L57S-K63R	1
H55F-Q70K	1
N28V-L68Q	1
L102W	1
M18K-Q33_	1
L20V-W64_-Q70K	1
L12C-S16F	1
L105_	3
T4Y-D26L-G62A	1
R60L-Q70K	2
S56K	1
D1M-K17F	1
D1K-F93C	1
D42C-K87T	1
L57E-K63I	1
V5A-L68N	1
D53A-F93R	1
E66S	90
E66R	55
E66Q	11
E66P	27
E66W	12
E66V	45
V48L	51
E66T	27
V48C	3
E66Y	14
R65L	105
E66_	11
V48G	10
V48E	2
E66C	13
E66A	26
V48Y	343
E66G	37
E66F	1
S56Y-Q70K	1
L105T	2
V48R	21
V48S	7
E66I	16
E66H	15
I30M-V48Y	1
V48W	6
V48T	12
E66L	14
N61A-Q70K	2
I31C-F117Y	1
R41F-I96V	1
M13L-Q70K	1
G62R-E109A	2
D1P-T4V	4
L105Q	2
F72T	2
L105P	1
D1F-T32_	1
F8L-G62S	1
R76M-L78R	1
L105S	3
F34L-Y40L	1
E74C-R85G	3
F72Y	6
R14V-Q70K	1
E35M-Q70K	8
N28K-M49R	1
L27S-G69R	1
K17F-Q70H	1
E35K	6
D1S-S7G-F93S	1
E35L-Q70K-E111D	1
G52_-Q70K	2
L39F-T89_	1
L27P-N28T	1
N3A-E94V	1
K17S-V108A	1
Q70K-H84K	1
M18A-E81C	1
D1A-Q103L	1
S6K-Q70K	1
D1M-Q70K	2
L44R-G62S	1
F8S-S43L	2
M15R-Q70K	2
F72C	4
M13V-L68M	1
D1R-I88L	1
K87W	10
Q70K-H84W	1
S6A-R65Q	1
S6A-R65L	1
Q70K-H84V	1
M13Q-N59K-Q70K	1
F72G	11
T4N-Q67A	1
D10Q-Q70K	1
D1G-Q70K	13
F8I-V82Q	1
L106P	1
L27R-R65E	3
L12W-E35A	1
N3S-S43V	1
L39F-R83A	1
K17W-D53W	1
I31L-Q70K-V108A	1
F72D	1
S36R-Q70K	5
L106Y	1
D1V-W64_	1
L44R-Q70K	3
L106A	2
K17G-S22A	1
L106M	1
T32V-Q70K	4
S7N-E73G	1
P2W	4
S24L-M49G-Q70K	1
Q103V	4
L12R-T114I	2
D1T-S7R-E74R	1
S16A-S36I	1
V48W-R83P	1
S7N-E81G-K87V	1
M18L-D53S	1
S7N	3
G62A-Q70K-M99I	1
L27R-V82M	1
Q19L-Q70L	1
Q19L-Q70K	1
F72M	1
R65W-Q70K	3
D1T-S7R-E74M	1
G62S-E66_-Q70K	2
S22R-Q70K	5
F72L	12
A47V-F93C	1
M18L-D53A	1
M49N-Q70K	3
D10K-I75F	1
A47N-S92Q	1
M18L-L68H-W77C	1
A47C-L119P	1
Q19G-S23L	2
M18Y-S23F	1
S7V-Q70K	14
Q58K-R65K	2
F8T-G62A-Q70K	1
D1I-Q70K	3
G29R-E35R	1
D1T-V48S	1
D10T-M13N	1
Q70K-E90C	1
Q70K-L105P	1
G62A-Q70K	81
E80Y	8
G62R-Q70K-V82M	1
F8Y	14
N59V-Q70K	2
G29R-D42S	1
M13I-T114L	1
E80S	14
E80R	76
F8W	3
F8V	38
F8Q	4
F8P	6
F8S	25
F8R	26
F8M	15
F8L	44
E80I	10
E80H	9
F8I	17
E80N	7
E80M	25
E80L	23
E80C	91
F8D	3
E80A	8
D1V-R65C	1
E80G	11
E80F	17
F8C	10
E80D	3
F8V-Q70K	5
L44H	7
Y40S-Q70K	1
P2M-F93G	1
Q19R-F98D	1
S36I-I96L	1
L12A-G45P	1
S7C	4
D42G-R65W	1
M15L-Q70K	2
Q19A-S43R	1
S16_-A47T	1
D42F-R65L-Q70K	1
K17R-Q70K-F93S	1
D1Y-V5G	3
L20F-D42S-A47R	1
D26F-Q70K	1
D26I-V48Y	1
G62R-Q70K-F98L	1
Q19Y	22
R41P-E46L-Q70K	1
Q103T	4
K63F-Q70K	1
Q103R	1
Q103S	6
Q19_	5
Q19P	9
Q19S	10
Q19R	20
D42S-R85V	1
Q19T	9
Q19W	4
Q103Y	14
Q19I	4
Q19H	14
Q19K	3
Q103E	2
L105W	5
Q19L	17
Q19N	8
Q103N	3
D53N-Q70K	2
Q19C	11
Q19E	5
Q19D	1
Q103H	6
Q19F	5
S36F-Q70K	4
I31S-F72P	1
Q70K-H84F	2
L37Y-Q70K	1
V5L-Q9M-N59F	1
V48S-Q70K	5
L44D	3
L20D	1
V48N	8
R41G-I75L	1
E90M-Q103_	1
R14G-E74K	1
S43K-I88W	1
K17L-S22_-H84L	1
R41P-Q70K	1
E46K-V48N	1
E109P	4
L12I-Q70K	2
E109R	3
Y40C-W64_-Q70K	1
E109T	1
R41H-G45T	2
E109V	17
E109W	9
R65L-L78F	1
Q110S	3
G29S-G69K	1
E25A-V82I	1
E90P	6
T4S-S16P	1
D26H-E81C	1
E109A	11
E109D	11
D10R-M13L	2
E109G	20
E109H	1
E109I	2
E109K	1
S7N-D42G	1
E109M	5
K17G-G21A	1
K87R-S116L	1
N3S-D26I	1
L27F-L44D	1
E66D	6
S43V-F93S	1
W64S-Q70K	6
D26F-R85G	1
H55P	1
L20H-T89L	1
T4Y-F8C	3
F34G-Q95R	3
E35Q	13
G69L-E109W	1
I11C	1
H55V	4
E25L-K71E	1
L44R	35
N3V-E25S	2
S23R	17
S23P	7
S23Q	3
S23V	25
S23W	8
S23T	8
Q70K-Q95P	1
E90V	7
Q70K-Q95R	4
Q70K-Q95S	1
S23_	2
V48M-L68I	1
Q70K-Q95W	1
S23C	3
S23A	5
S23F	6
S23G	15
S23D	10
S23E	5
S36A-E109D	1
S23I	5
S23N	4
Q70K-Q95F	1
G52F-Q70K	1
L57I	3
M13G-Q70K	2
L12G-R83_	1
L57M	4
L57N	6
M18K	7
L57F-R65Q	1
L57A	3
L105R	3
I88C	1
L57D	2
L57E	7
M18I-Q70K	1
L57G	5
E74_	4
L57Y	6
M18I	10
N3V-E81R	1
L57_	2
L57P	3
L57Q	10
L57R	6
L57S	4
L57T	6
L57V	7
L57W	3
L44A-V48L-Q70K	1
Q19S-Q70K-T89Y	1
S6L-R14W	1
Q70K-V82A-L86A	1
S6H	1
E73D	2
K17L-G21W	1
G21N-Q70K	1
S22Y-Q70K	3
G52S-Q70K	2
S6F	3
L12R-D42F	1
Q70K-L86V	17
H84L-V108L	1
F8L-I31R	1
E35G-Q70K	6
S16T-T32A	1
R41A-I88V	1
S6E	3
Q58G-W64C-Q70K	1
R113_	2
P2A-S43V-Q70K	1
E25K-D42F	1
H55E	1
R113T	1
V48H	6
M18G	25
P2Q-G69C	1
R83Q-L86K	1
E25G-Q70K	3
M18E	3
R113E	1
Q67L-F72R	1
E81C-I88A-L102S	1
V5A-K17I-S22M	1
R60T-W64P-Q70K	1
E81L-K87V	1
N3R-S16T	1
V48M	1
E74D-I75T	1
S7V-L105G	1
L12F-E66A	1
T4R-V48Y	1
I30T	5
I75M-R83V	1
R50W-Q70K	3
Y40T-Q70K	2
I31S-Q70K	3
D10L-R65T	1
D1G-L54M-Q70K	1
K17N-Q70K	1
H55M	6
E66N	5
D42A-E66T	1
N28G-Q70K	3
K17T-W64L	1
G29Q-K87R	1
V48A	2
D42R-L78R	1
G29C-N61V	1
L57Y-W64F-Q95K	1
S36H-R41K-Q70K	1
Y40L-D42N	1
R41V-M49R-Q70K	1
I30Q	1
M18R	12
I30C-V82L	1
G29L-L78R	1
D1_-Q70K	1
M18S	12
F8A-R76G	1
L12A-Q70K	2
R65L-I79V	1
M18P	7
D10G-F93C	1
I30T-E35L	1
I30M	10
Q58C-Q70K	1
S6R	34
L54P-H84E	1
K17I-S22P	1
D42S-L68A	1
K17I-S22M	4
G29_-G62R-Q70K	1
D42S-D53G-Q70K	1
N3A-Q70K	1
K63R-G69V	4
P2N-Q70K	2
T4F-S36L-V48Y-L86W	1
G62R-K63R-Q70K	2
M18E-Q70K	3
L37R-Q70K	4
V48_	2
L37R	22
L37S	28
L37P	7
L37Q	2
L37V	14
L37W	18
L37T	10
M49C	1
M49L	4
K17M-Q103H	1
M49N	7
L37Y	10
M49H	4
L37_	1
G21R-F115L	1
S43R-V108M	1
M49T	2
E66K	8
M49V	5
L37A	8
L37F	12
L37G	20
M49R	9
M49S	11
I30T-R65Q	2
L37K	2
L37H	7
L37I	18
L37N	8
V48P	2
E46K-R50W	1
L37M	8
S22W-Q70K	1
L20E-Q70K	1
V48Q	2
I30G-Q70K	2
L78I-E109W	1
R41V-L78R	1
P2E-F8I-L37S	1
E46W-I88_	1
S23V-Q70K	2
F8_-L44F-L78W	1
Q9V-F93T	1
D53S-I79V	1
E66M	9
G62Y-Q70K	4
L54V	2
F8L-K63C	1
E35S-Q70K	2
R85K-E111G	1
F8R-I88_	1
M15V-Q70K	3
V5R-N91L	1
G21V-Q70K	2
D53W-Q70K	1
I112_	2
I112P	2
I112Q	3
I112R	5
I112S	9
I112T	2
I112V	3
D1Q-E25V	1
I112H	2
F34L-R65M	2
I112K	1
F8L-I31R-E66A	1
I112M	2
I112N	2
N59Y-W64P	5
I112A	1
I112C	1
I112D	3
S36E-Q95_	1
D26H-I31M	1
K17F-R85A	1
I31N-E81D	1
W64_-F98V	1
R14M-D42M	1
M0H-D1G-P2S-N3K-T4H-V5C-S6V-S7K-F8L-Q9S-D10G-I11H-L12T-M13D-R14E-M15D-S16V-M18N-Q19A-L20V-S22V-S23L-S24I-E25G-D26G-N28E-G29W-I30N-I31N-T32N-Q33T-F34V-E35R-S36V-L37S-K38E-L39T-Y40L-R41Q-D42R-S43F-L44A-G45W-E46R-A47S-V48S-M49N-R50E-M51N-D53R-L54P-H55P-S56L-L57T-Q58P-N59K-R60Q-N61K-G62R-W64M-R65A-E66G-Q67T-L68I-G69R-Q70S-K71E-F72V-E73_-E74R-I75N-R76K-W77V-L78V-I79D-E80_-E81R-V82S-R83E-H84T-R85Q-L86T-K87E-I88D-T89N-E90R-N91E-S92C-E94_-Q95A-I96N-T97N-F98I-M99Y	1
D26R-Q70K	5
L37M-Q70K	2
F34L-Y40S	1
E35F-V48Y	1
M15S-R60Y-Q70K	1
D42I-Q70K	3
E25L-L27M	2
G52L-F93T	1
M51S-T97F	1
H55P-Q70K	1
Q9L-Q70K	8
F8R-Q70K	2
I30K	2
P2G-S24N	1
N3_-Q70K	3
S24W-Q70K	1
Q58_-H84N	1
M18R-E90R	1
R65W-I88D	1
L27R-L68I	1
M18C-R60F	1
G29F-Q70K-L105V-E111V	1
I11K-Q70K	1
S43R-E73G	1
M51S-Q70K	1
K63N-G69V	1
L27S-Q70K	1
S23L-Q70K	1
I30D	2
D1H-E73C	1
Q9V-A47W	1
S22Y-F93W	1
D26G-H55R	1
E25Q-L27S	5
K17R-S24P	2
K17S-L37Q	1
S16V-L20W	1
L86Q	3
K17R-S24K	1
N3L-S7T-K87R	1
L57V-N61M-Q70K	1
K17R-S24F	6
F115M	2
S36V-E74K	1
Y40K-Q70K	3
T4L-L68G	1
N59D-G69V	1
D42R-E46L	1
V108T	1
D42R-M99S	1
K63Y-Q70K	52
D1T-S7R-E35M	1
L27W-G69L	1
Q9M-M99S	1
T4N-Q70K-L105V	1
R41Y-Q70K	1
S7V-K63Y-Q70K	1
D26K-Q70K	1
W64_-Q67I	1
G45L-R85G	1
I31C-F72R	1
Y40R-E73_-I79Y	1
W64S-F98L	1
E90R	9
E90S	7
D1V	31
D1W	28
D1P	13
D1Q	11
D1R	34
D1S	12
Q70K-T89D	1
D1_	4
D1Y	9
P2E-S6L-E46I	1
R85G-E111K	1
D1E	5
D1F	12
D1G	24
E90F	5
D1A	16
E90D	3
D1C	5
D1L	33
E90K	3
D1N	11
D42C-R83G	1
D1H	9
D1I	5
E90L	4
S7V	18
W64C	8
L27M-E111S	1
W64A	9
S43K-A47T	1
W64G	56
W64F	7
W64E	9
W64D	13
W64K	23
Q19T-R85G	1
W64I	3
W64H	3
W64N	20
W64M	4
W64L	30
W64S	41
W64R	31
W64Q	11
W64P	35
K63Y-Q70K-Q95G	1
W64V	24
W64T	14
D42M-L44I	1
D10K-I88P	1
S36W-Y40T	4
W64_	10
L20F-S23L	2
S92W	1
S43V-F93V	1
Q9M-Q70K	1
E111Q	1
S92T	2
E111S	9
E111R	15
M18L-L37F-Q70K	1
E111_	9
Q103L	1
E111Y	6
S16M-I88_	1
Q70K-K87E	1
S24M-Q70K	1
E111D	2
E111G	9
E111F	6
E111A	3
E111C	5
E111M	1
E111L	10
I11A-R85G	1
V48W-R65L	3
E111I	8
E111H	2
E111K	4
S6M-E81I	1
T4I-I30C	1
M13K-Q70K	2
Q9N-E81R	1
R65W-Q70K-K87A	1
Y40A	2
S92_	4
F8I-S56D	1
M51_-Q70K	2
T32L-Q70K	2
D26A-T32C	1
P2A-M13L-G62C	1
S43F-M99R	1
D42G-V48Y	1
L12N-E81I	1
A47S-S92G	1
K17G-I30T-G62R	1
L39F-R76G	1
Q100T	1
L78K-S92N	1
A47T-N61_	1
D42G-A47F	1
A47R-R50G	1
S23W-G29R-F34L-L44F	1
Q100E	1
P2K-Q70K	2
Q100I	1
G21V-V48Y-R83S	1
Q67F	8
S43I-Q70K	1
R14K-W77F	1
I31E-Q70K	1
S92D	2
D42W-G45R	1
Q58E-Q70K	1
G45V-Q70K	3
E25D-D42T	1
N28P-R65L	1
I31L-D42N	1
Q19L-T89V	1
Q70K-T89E	1
G45S-Q70K	2
Y40M	33
P2Q-F8L	2
S92K	3
S24Y-Q70K	2
W64T-Q70K	2
G52A-G62R-Q70K	1
T32V-S43L	2
T4N-G62R	1
S116R	2
S92I	1
D1T-F8R	1
G29R-Q70K	4
S6Y-Q70K	4
Q9R-D26R	1
L54_-H55Q	1
L37S-Q67I	1
L44R-G62R	2
W64R-I79L	2
P2A-S7W-Q70K	1
D26C-I31Y	1
S22N-Q70K	1
K17I-S23G	1
E66K-R85V	1
G62H-Q70K	1
E90H	5
V108L	1
V108M	1
R65G-F93T	1
W77_-L78T	2
P2A-S23L	1
V108E	1
Y40T	13
V108A	1
V108C	2
E25S-I31Y	5
D26R-E66L	1
G45H-T89V-S116P	1
S24V-G62C	1
W64L-Q70K	4
N59G-G62T-Q70K	1
V108R	1
V108S	2
S22_	5
V48Y-M99S	1
S22Y	20
K38R-D42C-E81F	1
Y40S-L57P	1
S22T	8
S22W	12
S22V	19
S22Q	4
S22P	5
S22R	21
S22M	10
S22L	25
E35C-Q70K	1
S22N	9
S22I	22
S22H	4
S22K	8
L44W-R76K	1
S22E	4
S22D	4
S22G	7
S22F	17
S22A	10
D1C-Q70K	2
S22C	8
R76T-R85G	6
L27N-G69S	1
G45V-E81I	1
D10R-L37P-L119F	1
L37I-F98S	1
S43K-L105S	1
K17A-Q70K	1
M15V-I31Q-R65W	1
E25Q-Q70K	1
D42M-Q70K	19
N28G-R60P-W64G	1
S36Y-Q70K	5
G29W-E111R	1
E35W-H55Y-Q70K	1
L39C-Q70K	1
Q9R-K71R	1
T32H-Q70K	1
M99G	9
D1R-Q70R	1
M18S-V82E	1
S43G-E90M	1
D26_	2
S6L-L54E	1
Q95M	3
D1R-Q70K	7
L37C-E94D-T97P	1
Y40M-I120G	1
E35L-Q70K	7
D42F-Q70K	41
S7G-Q95K	1
E66R-F72V	1
E25V-Q70K	6
Q70K-L102S	1
M15L-I96L	3
R14N	1
Q70K-E81D	1
Q70K-E81G	1
Q70K-E81F	1
A47R-F117L	1
T32E	2
Q70K-E81C	2
Q70K-E81M	2
Q70K-E81L	6
Q70K-E81N	4
Q70K-E81I	4
Q70K-E81H	1
I31Q-R65W	23
D1L-R60S	1
I96V	1
Q70K-E81T	2
E90M	5
Q70K-E81Q	1
Q70K-E81P	1
Q70K-E81S	13
Q70K-E81R	34
S24R-Q70K	1
Q70K-E81_	2
Q70K-E81Y	1
G45I-T97S-Q110E	1
P2A-M99I-L119F	1
S22M-Q70K	1
Q58S-K63A	3
M99A	3
Q70K-F98T	1
W77M-L119H	1
E25D-W64M	2
M49D	1
N61A-R76K	1
E46R-Q70K	1
R14L-H55P-L68V	1
Q70K-S92Y	1
I11S-E25S	1
S6C-V48Y	1
M13T-R76K	1
Q58R-W64_-T114L	1
K71T-T114N	1
K17E-T89L	1
D42V-Q70K-K87A	1
Q70K-L86W	1
K17W-S22L	1
F72S	8
E35F	14
Q70K-H84G	1
E35D	3
E35C	33
F72V	10
E35A	40
Q19K-D42S	1
E35N	17
E35M	88
E35L	73
F72_	6
R76Y	2
E35I	26
E35H	18
E35W	22
E35V	26
F72A	5
E35T	7
E35S	114
E35R	32
F72E	2
E35P	5
E35_	7
R76_	1
F72I	8
F72H	4
M18W-Q70K	1
F72N	2
E35Y	17
V5L-E94G	1
M13L-R76G	1
I120_	1
S43D-Q70K	1
S56K-Q70K	2
S7W-Q70K	1
F34L-M51I-Q70K	1
D10V-T32L	1
D42A-F98L	1
I120V	1
P2M	11
T4G-Q70K-M99V	1
R65V-L68Y	7
R14L-L86Q	2
E46S-N61K	1
S22F-N28K	1
S56_-F93G-T114L	1
Q58I-W64R	1
I120C	1
I30S-E35L	1
I120F	1
E73T	6
E73W	5
E73V	18
F8T-S43K	1
E73P	7
E73S	16
E73R	12
E73_	1
E73Y	3
P2H	4
R65P-S92N	1
E73G	16
E73F	5
E73A	20
E73C	14
E73M	3
E73L	13
E73N	2
E73I	16
E73H	4
E73K	5
S36V-Q70K	5
R14M-Y40R	1
V5L-R65W	1
R14Y-D42C	1
S24Y-E80F	1
T89W-Q95C	1
Q58G-K63I	1
V5R-F8I	1
I11F-G62V	1
R76H	3
K63S-Q70K	3
S7T-Q70K	1
R76N	9
S22R-I75F	1
E35C-Q70K-E81N	2
L37W-Q70K	1
R76M	13
K63M	2
P2R	37
S43P-E73F-I79V	1
I11S-I79F	1
S43C-N59M-Q70K	1
R65T-F72I	1
P2W-L86E	1
Q9Y-Q70K	1
L37I-F93S	1
R14S-S16Q-Q70K	1
Y40C	11
S116C	2
S16Y-Q70K	1
Y40G	1
S6F-M99S	1
Y40E	4
Y40D	3
Y40K	37
P2Y	2
Y40I	23
Y40H	20
E25F-Q70K	2
Y40N	11
V5E-Q70K	1
Y40L	54
Y40S	46
Y40R	72
Y40Q	31
Y40P	21
Y40W	1
R65G-E90S	1
L44P-M51I-Q70K	1
Y40K-E66G	1
G21W-S22F	1
L20R-Q70K	3
D26Y-I31M-Q70K	1
P2A-E80R	1
E107K	1
R65A-G69P	1
G21W-G52H-R65W	1
D42V-R85G	1
D53A-T89A	1
G69R-L105S	1
L12I-E80C	1
D42S-T114I	1
K17M-G21R	1
F8C-I79L	1
R41Y-E80G	1
S56A-Q70K	3
T32M-Q70K	1
D42L-Q70K-F115S	1
P2A-K63R	1
S22A-F93T	1
K17H-H84Q	1
D42S-E46T	1
D1N-T4R	1
S43R-R85V	1
E107T	1
D42S-S43L	1
S7L-W64_-L86S	1
R65K-G69I	1
T32I-I88W	1
E25S-I31W	1
E74H-E90G	1
D42H-Q70K	10
D1F-V5G	2
D26Q-Q70K	1
